6Y6K_A	Bandavirus	56763	Bandavirus_6Y6K_A
ADZ04476.1	Bandavirus	9855	Bandavirus_ADZ04476.1
ADZ04493.1	Bandavirus	1771	Bandavirus_ADZ04493.1
AEO51773.1	Bandavirus	9855	Bandavirus_AEO51773.1
AEY79719.1	Bandavirus	6587	Bandavirus_AEY79719.1
AFI45083.1	Bandavirus	2346	Bandavirus_AFI45083.1
AFI45087.1	Bandavirus	9	Bandavirus_AFI45087.1
AFI45091.1	Bandavirus	1771	Bandavirus_AFI45091.1
AFJ15060.1	Bandavirus	2346	Bandavirus_AFJ15060.1
AFJ15067.1	Bandavirus	56763	Bandavirus_AFJ15067.1
AFK08658.1	Bandavirus	9855	Bandavirus_AFK08658.1
AFN26701.1	Bandavirus	234	Bandavirus_AFN26701.1
AFO66272.1	Bandavirus	56763	Bandavirus_AFO66272.1
AFP33396.1	Bandavirus	2346	Bandavirus_AFP33396.1
AGC60107.1	Bandavirus	234	Bandavirus_AGC60107.1
AGC60111.1	Bandavirus	45437	Bandavirus_AGC60111.1
AGI97035.1	Bandavirus	6587	Bandavirus_AGI97035.1
AGI97059.1	Bandavirus	56763	Bandavirus_AGI97059.1
AGI97099.1	Bandavirus	522	Bandavirus_AGI97099.1
AGI97123.1	Bandavirus	2346	Bandavirus_AGI97123.1
AGI97127.1	Bandavirus	654	Bandavirus_AGI97127.1
AGK25091.1	Bandavirus	522	Bandavirus_AGK25091.1
AGM33037.1	Bandavirus	234	Bandavirus_AGM33037.1
AGM33041.1	Bandavirus	9855	Bandavirus_AGM33041.1
AGP25471.1	Bandavirus	9855	Bandavirus_AGP25471.1
AGP25472.1	Bandavirus	2346	Bandavirus_AGP25472.1
AGP25473.1	Bandavirus	45437	Bandavirus_AGP25473.1
AGP25474.1	Bandavirus	522	Bandavirus_AGP25474.1
AGP25475.1	Bandavirus	56763	Bandavirus_AGP25475.1
AGP25476.1	Bandavirus	9	Bandavirus_AGP25476.1
AGP25477.1	Bandavirus	1771	Bandavirus_AGP25477.1
AGP25478.1	Bandavirus	6587	Bandavirus_AGP25478.1
AGW42761.1	Bandavirus	234	Bandavirus_AGW42761.1
AHE38316.1	Bandavirus	654	Bandavirus_AHE38316.1
AHI10994.1	Bandavirus	45437	Bandavirus_AHI10994.1
AHK23654.1	Bandavirus	6587	Bandavirus_AHK23654.1
AHK23655.1	Bandavirus	6587	Bandavirus_AHK23655.1
AHK23656.1	Bandavirus	45437	Bandavirus_AHK23656.1
AHK23657.1	Bandavirus	654	Bandavirus_AHK23657.1
AHK23658.1	Bandavirus	6587	Bandavirus_AHK23658.1
AIA58691.1	Bandavirus	45437	Bandavirus_AIA58691.1
AID69012.1	Bandavirus	9855	Bandavirus_AID69012.1
AIF75093.1	Bandavirus	654	Bandavirus_AIF75093.1
AJD86038.1	Bandavirus	6587	Bandavirus_AJD86038.1
AJO16081.1	Bandavirus	522	Bandavirus_AJO16081.1
AJO16085.1	Bandavirus	1771	Bandavirus_AJO16085.1
AJO16089.1	Bandavirus	522	Bandavirus_AJO16089.1
AJO16093.1	Bandavirus	45437	Bandavirus_AJO16093.1
AJO16097.1	Bandavirus	9	Bandavirus_AJO16097.1
AKG06609.1	Bandavirus	9855	Bandavirus_AKG06609.1
ALJ53472.1	Bandavirus	45437	Bandavirus_ALJ53472.1
ALV85435.1	Bandavirus	9	Bandavirus_ALV85435.1
AMK05799.1	Bandavirus	9	Bandavirus_AMK05799.1
AMK05800.1	Bandavirus	654	Bandavirus_AMK05800.1
AMK05802.1	Bandavirus	9855	Bandavirus_AMK05802.1
AMK05803.1	Bandavirus	9	Bandavirus_AMK05803.1
AMK05805.1	Bandavirus	9855	Bandavirus_AMK05805.1
AMK05806.1	Bandavirus	2346	Bandavirus_AMK05806.1
AMK05807.1	Bandavirus	654	Bandavirus_AMK05807.1
AMK05809.1	Bandavirus	2346	Bandavirus_AMK05809.1
AMK05811.1	Bandavirus	234	Bandavirus_AMK05811.1
AMK05812.1	Bandavirus	56763	Bandavirus_AMK05812.1
AMK05813.1	Bandavirus	234	Bandavirus_AMK05813.1
AMK05815.1	Bandavirus	654	Bandavirus_AMK05815.1
AMK05816.1	Bandavirus	6587	Bandavirus_AMK05816.1
AMK05817.1	Bandavirus	522	Bandavirus_AMK05817.1
AMT75053.1	Bandavirus	654	Bandavirus_AMT75053.1
AMT75054.1	Bandavirus	45437	Bandavirus_AMT75054.1
AMY99354.1	Bandavirus	2346	Bandavirus_AMY99354.1
AMY99355.1	Bandavirus	9	Bandavirus_AMY99355.1
AMY99357.1	Bandavirus	9	Bandavirus_AMY99357.1
AMY99358.1	Bandavirus	45437	Bandavirus_AMY99358.1
AMY99359.1	Bandavirus	56763	Bandavirus_AMY99359.1
AMY99360.1	Bandavirus	45437	Bandavirus_AMY99360.1
AMY99363.1	Bandavirus	56763	Bandavirus_AMY99363.1
AMY99364.1	Bandavirus	2346	Bandavirus_AMY99364.1
AMY99365.1	Bandavirus	1771	Bandavirus_AMY99365.1
AMY99366.1	Bandavirus	9855	Bandavirus_AMY99366.1
AMY99367.1	Bandavirus	9855	Bandavirus_AMY99367.1
AMY99370.1	Bandavirus	45437	Bandavirus_AMY99370.1
AMY99371.1	Bandavirus	1771	Bandavirus_AMY99371.1
AMY99372.1	Bandavirus	2346	Bandavirus_AMY99372.1
AMY99373.1	Bandavirus	522	Bandavirus_AMY99373.1
ANC60424.1	Bandavirus	2346	Bandavirus_ANC60424.1
ANC60428.1	Bandavirus	1771	Bandavirus_ANC60428.1
ANC60432.1	Bandavirus	45437	Bandavirus_ANC60432.1
ANC60436.1	Bandavirus	56763	Bandavirus_ANC60436.1
ANC60440.1	Bandavirus	2346	Bandavirus_ANC60440.1
ANC60444.1	Bandavirus	2346	Bandavirus_ANC60444.1
ANC60448.1	Bandavirus	6587	Bandavirus_ANC60448.1
ANC60460.1	Bandavirus	1771	Bandavirus_ANC60460.1
ANC60464.1	Bandavirus	654	Bandavirus_ANC60464.1
ANC60468.1	Bandavirus	1771	Bandavirus_ANC60468.1
ANN45002.1	Bandavirus	654	Bandavirus_ANN45002.1
APT42317.1	Bandavirus	45437	Bandavirus_APT42317.1
APT42318.1	Bandavirus	522	Bandavirus_APT42318.1
APT42319.1	Bandavirus	6587	Bandavirus_APT42319.1
APT42320.1	Bandavirus	6587	Bandavirus_APT42320.1
APT42321.1	Bandavirus	9855	Bandavirus_APT42321.1
AQS99577.1	Bandavirus	9	Bandavirus_AQS99577.1
AQS99578.1	Bandavirus	45437	Bandavirus_AQS99578.1
AQX34645.1	Bandavirus	6587	Bandavirus_AQX34645.1
AQX34649.1	Bandavirus	522	Bandavirus_AQX34649.1
AQX34653.1	Bandavirus	2346	Bandavirus_AQX34653.1
ASW22982.1	Bandavirus	1771	Bandavirus_ASW22982.1
ASW22983.1	Bandavirus	45437	Bandavirus_ASW22983.1
ASW22984.1	Bandavirus	9	Bandavirus_ASW22984.1
ATE80811.1	Bandavirus	2346	Bandavirus_ATE80811.1
ATE80813.1	Bandavirus	654	Bandavirus_ATE80813.1
ATE80814.1	Bandavirus	1771	Bandavirus_ATE80814.1
ATE80815.1	Bandavirus	654	Bandavirus_ATE80815.1
ATE80816.1	Bandavirus	234	Bandavirus_ATE80816.1
ATE80818.1	Bandavirus	45437	Bandavirus_ATE80818.1
ATE80819.1	Bandavirus	654	Bandavirus_ATE80819.1
ATE80820.1	Bandavirus	56763	Bandavirus_ATE80820.1
ATE80821.1	Bandavirus	56763	Bandavirus_ATE80821.1
ATE80822.1	Bandavirus	522	Bandavirus_ATE80822.1
ATE80823.1	Bandavirus	45437	Bandavirus_ATE80823.1
ATE80824.1	Bandavirus	522	Bandavirus_ATE80824.1
ATE80825.1	Bandavirus	234	Bandavirus_ATE80825.1
ATE80828.1	Bandavirus	9	Bandavirus_ATE80828.1
ATG80988.1	Bandavirus	2346	Bandavirus_ATG80988.1
ATG80989.1	Bandavirus	2346	Bandavirus_ATG80989.1
ATG80990.1	Bandavirus	6587	Bandavirus_ATG80990.1
ATG80991.1	Bandavirus	9	Bandavirus_ATG80991.1
ATG80992.1	Bandavirus	9	Bandavirus_ATG80992.1
ATG80993.1	Bandavirus	56763	Bandavirus_ATG80993.1
ATG80994.1	Bandavirus	654	Bandavirus_ATG80994.1
ATG80995.1	Bandavirus	522	Bandavirus_ATG80995.1
ATG80998.1	Bandavirus	9	Bandavirus_ATG80998.1
ATG80999.1	Bandavirus	1771	Bandavirus_ATG80999.1
ATG81000.1	Bandavirus	9855	Bandavirus_ATG81000.1
ATW62979.1	Bandavirus	6587	Bandavirus_ATW62979.1
ATW62980.1	Bandavirus	234	Bandavirus_ATW62980.1
ATW62981.1	Bandavirus	6587	Bandavirus_ATW62981.1
ATW62982.1	Bandavirus	9855	Bandavirus_ATW62982.1
ATW62983.1	Bandavirus	9855	Bandavirus_ATW62983.1
ATW62984.1	Bandavirus	522	Bandavirus_ATW62984.1
ATW62985.1	Bandavirus	654	Bandavirus_ATW62985.1
ATW62986.1	Bandavirus	654	Bandavirus_ATW62986.1
ATW62987.1	Bandavirus	9	Bandavirus_ATW62987.1
ATW62988.1	Bandavirus	9	Bandavirus_ATW62988.1
ATW62989.1	Bandavirus	9	Bandavirus_ATW62989.1
ATW62990.1	Bandavirus	234	Bandavirus_ATW62990.1
ATW62991.1	Bandavirus	6587	Bandavirus_ATW62991.1
ATW62992.1	Bandavirus	1771	Bandavirus_ATW62992.1
ATW62993.1	Bandavirus	234	Bandavirus_ATW62993.1
ATW62994.1	Bandavirus	9855	Bandavirus_ATW62994.1
ATW63001.1	Bandavirus	2346	Bandavirus_ATW63001.1
AUM59839.1	Bandavirus	6587	Bandavirus_AUM59839.1
AUM59840.1	Bandavirus	6587	Bandavirus_AUM59840.1
AUM59841.1	Bandavirus	234	Bandavirus_AUM59841.1
AUM59842.1	Bandavirus	1771	Bandavirus_AUM59842.1
AVM39048.1	Bandavirus	56763	Bandavirus_AVM39048.1
AVV65313.1	Bandavirus	654	Bandavirus_AVV65313.1
AVV65314.1	Bandavirus	9	Bandavirus_AVV65314.1
AVV65315.1	Bandavirus	234	Bandavirus_AVV65315.1
AVV65317.1	Bandavirus	2346	Bandavirus_AVV65317.1
AWK57696.1	Bandavirus	56763	Bandavirus_AWK57696.1
AWK57697.1	Bandavirus	9855	Bandavirus_AWK57697.1
AWK57698.1	Bandavirus	6587	Bandavirus_AWK57698.1
AWK57699.1	Bandavirus	56763	Bandavirus_AWK57699.1
AWK57700.1	Bandavirus	2346	Bandavirus_AWK57700.1
AWK57701.1	Bandavirus	1771	Bandavirus_AWK57701.1
AWK57703.1	Bandavirus	45437	Bandavirus_AWK57703.1
AWK57704.1	Bandavirus	234	Bandavirus_AWK57704.1
AWK57705.1	Bandavirus	9855	Bandavirus_AWK57705.1
AWK57706.1	Bandavirus	654	Bandavirus_AWK57706.1
AWK57707.1	Bandavirus	234	Bandavirus_AWK57707.1
AWK57708.1	Bandavirus	1771	Bandavirus_AWK57708.1
AWK57709.1	Bandavirus	6587	Bandavirus_AWK57709.1
AWK57710.1	Bandavirus	56763	Bandavirus_AWK57710.1
AWK57711.1	Bandavirus	522	Bandavirus_AWK57711.1
AWK57712.1	Bandavirus	9	Bandavirus_AWK57712.1
AWK57713.1	Bandavirus	522	Bandavirus_AWK57713.1
AWK57715.1	Bandavirus	6587	Bandavirus_AWK57715.1
AWK57716.1	Bandavirus	234	Bandavirus_AWK57716.1
AWK57717.1	Bandavirus	45437	Bandavirus_AWK57717.1
AWK57718.1	Bandavirus	45437	Bandavirus_AWK57718.1
AWK57720.1	Bandavirus	654	Bandavirus_AWK57720.1
AWK57721.1	Bandavirus	9855	Bandavirus_AWK57721.1
AWK57724.1	Bandavirus	654	Bandavirus_AWK57724.1
AWK67827.1	Bandavirus	9855	Bandavirus_AWK67827.1
AWK67828.1	Bandavirus	234	Bandavirus_AWK67828.1
AWK67829.1	Bandavirus	56763	Bandavirus_AWK67829.1
AWK67830.1	Bandavirus	1771	Bandavirus_AWK67830.1
AWK67831.1	Bandavirus	2346	Bandavirus_AWK67831.1
AWK67832.1	Bandavirus	234	Bandavirus_AWK67832.1
AWK67833.1	Bandavirus	522	Bandavirus_AWK67833.1
AWW14921.1	Bandavirus	1771	Bandavirus_AWW14921.1
AYI99263.1	Bandavirus	45437	Bandavirus_AYI99263.1
AYM00407.1	Bandavirus	6587	Bandavirus_AYM00407.1
AYN59385.1	Bandavirus	6587	Bandavirus_AYN59385.1
AYU74883.1	Bandavirus	2346	Bandavirus_AYU74883.1
AZN18458.1	Bandavirus	9855	Bandavirus_AZN18458.1
AZN18459.1	Bandavirus	522	Bandavirus_AZN18459.1
AZN18460.1	Bandavirus	6587	Bandavirus_AZN18460.1
AZN18461.1	Bandavirus	9855	Bandavirus_AZN18461.1
AZN18462.1	Bandavirus	9	Bandavirus_AZN18462.1
AZN18464.1	Bandavirus	56763	Bandavirus_AZN18464.1
AZN18465.1	Bandavirus	234	Bandavirus_AZN18465.1
AZN18466.1	Bandavirus	522	Bandavirus_AZN18466.1
AZN18467.1	Bandavirus	9	Bandavirus_AZN18467.1
AZN18469.1	Bandavirus	654	Bandavirus_AZN18469.1
AZN18470.1	Bandavirus	2346	Bandavirus_AZN18470.1
AZN18471.1	Bandavirus	522	Bandavirus_AZN18471.1
AZN18472.1	Bandavirus	6587	Bandavirus_AZN18472.1
AZN18473.1	Bandavirus	654	Bandavirus_AZN18473.1
AZN18474.1	Bandavirus	654	Bandavirus_AZN18474.1
AZN18475.1	Bandavirus	2346	Bandavirus_AZN18475.1
AZN18477.1	Bandavirus	9855	Bandavirus_AZN18477.1
AZN18478.1	Bandavirus	9	Bandavirus_AZN18478.1
AZN18479.1	Bandavirus	9855	Bandavirus_AZN18479.1
AZN18480.1	Bandavirus	654	Bandavirus_AZN18480.1
AZN18481.1	Bandavirus	6587	Bandavirus_AZN18481.1
AZN18482.1	Bandavirus	522	Bandavirus_AZN18482.1
AZN18483.1	Bandavirus	56763	Bandavirus_AZN18483.1
AZN18484.1	Bandavirus	234	Bandavirus_AZN18484.1
AZN18485.1	Bandavirus	9855	Bandavirus_AZN18485.1
AZN18486.1	Bandavirus	654	Bandavirus_AZN18486.1
AZN18487.1	Bandavirus	6587	Bandavirus_AZN18487.1
AZN18488.1	Bandavirus	2346	Bandavirus_AZN18488.1
AZN18489.1	Bandavirus	56763	Bandavirus_AZN18489.1
AZN18491.1	Bandavirus	522	Bandavirus_AZN18491.1
AZN18493.1	Bandavirus	234	Bandavirus_AZN18493.1
AZN18494.1	Bandavirus	654	Bandavirus_AZN18494.1
AZN18495.1	Bandavirus	2346	Bandavirus_AZN18495.1
AZN18496.1	Bandavirus	9	Bandavirus_AZN18496.1
AZN18497.1	Bandavirus	522	Bandavirus_AZN18497.1
AZN18498.1	Bandavirus	234	Bandavirus_AZN18498.1
AZN18499.1	Bandavirus	56763	Bandavirus_AZN18499.1
AZN18500.1	Bandavirus	9855	Bandavirus_AZN18500.1
AZN18501.1	Bandavirus	2346	Bandavirus_AZN18501.1
AZN18504.1	Bandavirus	522	Bandavirus_AZN18504.1
AZN18505.1	Bandavirus	1771	Bandavirus_AZN18505.1
AZN18506.1	Bandavirus	56763	Bandavirus_AZN18506.1
AZN18507.1	Bandavirus	2346	Bandavirus_AZN18507.1
AZN18508.1	Bandavirus	56763	Bandavirus_AZN18508.1
AZN18509.1	Bandavirus	9	Bandavirus_AZN18509.1
AZN18510.1	Bandavirus	1771	Bandavirus_AZN18510.1
AZN18511.1	Bandavirus	654	Bandavirus_AZN18511.1
AZN18512.1	Bandavirus	2346	Bandavirus_AZN18512.1
AZN18513.1	Bandavirus	522	Bandavirus_AZN18513.1
AZN18514.1	Bandavirus	654	Bandavirus_AZN18514.1
AZN18515.1	Bandavirus	45437	Bandavirus_AZN18515.1
AZN18516.1	Bandavirus	522	Bandavirus_AZN18516.1
AZN18517.1	Bandavirus	56763	Bandavirus_AZN18517.1
AZN18519.1	Bandavirus	654	Bandavirus_AZN18519.1
AZN18520.1	Bandavirus	234	Bandavirus_AZN18520.1
AZN18522.1	Bandavirus	56763	Bandavirus_AZN18522.1
AZN18523.1	Bandavirus	56763	Bandavirus_AZN18523.1
AZN18524.1	Bandavirus	56763	Bandavirus_AZN18524.1
AZN18525.1	Bandavirus	6587	Bandavirus_AZN18525.1
AZN18527.1	Bandavirus	654	Bandavirus_AZN18527.1
AZN18529.1	Bandavirus	1771	Bandavirus_AZN18529.1
AZN18530.1	Bandavirus	56763	Bandavirus_AZN18530.1
AZN18531.1	Bandavirus	56763	Bandavirus_AZN18531.1
AZN18532.1	Bandavirus	9855	Bandavirus_AZN18532.1
AZN18534.1	Bandavirus	56763	Bandavirus_AZN18534.1
AZN18535.1	Bandavirus	654	Bandavirus_AZN18535.1
AZN18536.1	Bandavirus	522	Bandavirus_AZN18536.1
AZN18538.1	Bandavirus	9855	Bandavirus_AZN18538.1
AZN18540.1	Bandavirus	45437	Bandavirus_AZN18540.1
AZN18541.1	Bandavirus	9855	Bandavirus_AZN18541.1
AZN18542.1	Bandavirus	45437	Bandavirus_AZN18542.1
AZN18544.1	Bandavirus	234	Bandavirus_AZN18544.1
AZN18545.1	Bandavirus	9	Bandavirus_AZN18545.1
AZN18548.1	Bandavirus	2346	Bandavirus_AZN18548.1
AZN18550.1	Bandavirus	522	Bandavirus_AZN18550.1
AZN18551.1	Bandavirus	654	Bandavirus_AZN18551.1
AZN18553.1	Bandavirus	9	Bandavirus_AZN18553.1
AZN18556.1	Bandavirus	45437	Bandavirus_AZN18556.1
AZN18557.1	Bandavirus	45437	Bandavirus_AZN18557.1
AZN18558.1	Bandavirus	1771	Bandavirus_AZN18558.1
AZN18562.1	Bandavirus	9855	Bandavirus_AZN18562.1
AZN18563.1	Bandavirus	654	Bandavirus_AZN18563.1
AZN18565.1	Bandavirus	2346	Bandavirus_AZN18565.1
AZN18566.1	Bandavirus	6587	Bandavirus_AZN18566.1
AZZ69066.1	Bandavirus	654	Bandavirus_AZZ69066.1
AZZ69067.1	Bandavirus	9855	Bandavirus_AZZ69067.1
AZZ69068.1	Bandavirus	522	Bandavirus_AZZ69068.1
AZZ69069.1	Bandavirus	6587	Bandavirus_AZZ69069.1
AZZ69070.1	Bandavirus	522	Bandavirus_AZZ69070.1
AZZ69071.1	Bandavirus	9855	Bandavirus_AZZ69071.1
AZZ69072.1	Bandavirus	234	Bandavirus_AZZ69072.1
AZZ69073.1	Bandavirus	2346	Bandavirus_AZZ69073.1
AZZ69074.1	Bandavirus	56763	Bandavirus_AZZ69074.1
AZZ69075.1	Bandavirus	1771	Bandavirus_AZZ69075.1
BAN58177.1	Bandavirus	654	Bandavirus_BAN58177.1
BAN58178.1	Bandavirus	234	Bandavirus_BAN58178.1
BAN58179.1	Bandavirus	654	Bandavirus_BAN58179.1
BAN58180.1	Bandavirus	234	Bandavirus_BAN58180.1
BAN58181.1	Bandavirus	654	Bandavirus_BAN58181.1
BAN58182.1	Bandavirus	654	Bandavirus_BAN58182.1
BAN58184.1	Bandavirus	2346	Bandavirus_BAN58184.1
BAQ59389.1	Bandavirus	1771	Bandavirus_BAQ59389.1
BAU51053.1	Bandavirus	654	Bandavirus_BAU51053.1
BAU51054.1	Bandavirus	522	Bandavirus_BAU51054.1
BAU51055.1	Bandavirus	6587	Bandavirus_BAU51055.1
BAU51056.1	Bandavirus	654	Bandavirus_BAU51056.1
BAU51057.1	Bandavirus	1771	Bandavirus_BAU51057.1
BAU51058.1	Bandavirus	1771	Bandavirus_BAU51058.1
BAU51059.1	Bandavirus	6587	Bandavirus_BAU51059.1
BAU51060.1	Bandavirus	45437	Bandavirus_BAU51060.1
BAU51061.1	Bandavirus	6587	Bandavirus_BAU51061.1
BAU51062.1	Bandavirus	9855	Bandavirus_BAU51062.1
BAU51063.1	Bandavirus	654	Bandavirus_BAU51063.1
BAU51064.1	Bandavirus	2346	Bandavirus_BAU51064.1
BAU51065.1	Bandavirus	654	Bandavirus_BAU51065.1
BAU51066.1	Bandavirus	6587	Bandavirus_BAU51066.1
BAU51067.1	Bandavirus	6587	Bandavirus_BAU51067.1
BAU51069.1	Bandavirus	45437	Bandavirus_BAU51069.1
BAU51071.1	Bandavirus	522	Bandavirus_BAU51071.1
BAU51072.1	Bandavirus	45437	Bandavirus_BAU51072.1
BAU51073.1	Bandavirus	6587	Bandavirus_BAU51073.1
BAU51074.1	Bandavirus	45437	Bandavirus_BAU51074.1
BAU51075.1	Bandavirus	9855	Bandavirus_BAU51075.1
BAU51077.1	Bandavirus	234	Bandavirus_BAU51077.1
BAU51078.1	Bandavirus	234	Bandavirus_BAU51078.1
BAU51081.1	Bandavirus	234	Bandavirus_BAU51081.1
BAU51082.1	Bandavirus	2346	Bandavirus_BAU51082.1
BAU51083.1	Bandavirus	522	Bandavirus_BAU51083.1
BAU51084.1	Bandavirus	9	Bandavirus_BAU51084.1
BAU51085.1	Bandavirus	2346	Bandavirus_BAU51085.1
BAU51086.1	Bandavirus	9	Bandavirus_BAU51086.1
BAU51087.1	Bandavirus	9855	Bandavirus_BAU51087.1
BAU51089.1	Bandavirus	6587	Bandavirus_BAU51089.1
BAU51090.1	Bandavirus	56763	Bandavirus_BAU51090.1
BBD19936.1	Bandavirus	6587	Bandavirus_BBD19936.1
BBU37385.1	Bandavirus	45437	Bandavirus_BBU37385.1
BCG44427.1	Bandavirus	234	Bandavirus_BCG44427.1
BCI98986.1	Bandavirus	234	Bandavirus_BCI98986.1
BCI98990.1	Bandavirus	522	Bandavirus_BCI98990.1
BCI98994.1	Bandavirus	56763	Bandavirus_BCI98994.1
BCI98998.1	Bandavirus	9855	Bandavirus_BCI98998.1
BCI99002.1	Bandavirus	56763	Bandavirus_BCI99002.1
BCI99006.1	Bandavirus	654	Bandavirus_BCI99006.1
BCL01248.1	Bandavirus	9	Bandavirus_BCL01248.1
BCL01256.1	Bandavirus	9855	Bandavirus_BCL01256.1
BCL01260.1	Bandavirus	522	Bandavirus_BCL01260.1
BCM64524.1	Bandavirus	1771	Bandavirus_BCM64524.1
BCM64528.1	Bandavirus	2346	Bandavirus_BCM64528.1
BDS91679.1	Bandavirus	9	Bandavirus_BDS91679.1
I0DF35.1	Bandavirus	9	Bandavirus_I0DF35.1
QBQ01383.1	Bandavirus	2346	Bandavirus_QBQ01383.1
QBQ01387.1	Bandavirus	2346	Bandavirus_QBQ01387.1
QBQ01395.1	Bandavirus	2346	Bandavirus_QBQ01395.1
QBQ01772.1	Bandavirus	9855	Bandavirus_QBQ01772.1
QBQ01776.1	Bandavirus	9	Bandavirus_QBQ01776.1
QCC72453.1	Bandavirus	9855	Bandavirus_QCC72453.1
QDF82685.1	Bandavirus	1771	Bandavirus_QDF82685.1
QDF82689.1	Bandavirus	2346	Bandavirus_QDF82689.1
QDF82693.1	Bandavirus	9	Bandavirus_QDF82693.1
QED09333.1	Bandavirus	1771	Bandavirus_QED09333.1
QEK22913.1	Bandavirus	56763	Bandavirus_QEK22913.1
QEK22914.1	Bandavirus	56763	Bandavirus_QEK22914.1
QEK22915.1	Bandavirus	9	Bandavirus_QEK22915.1
QEK22916.1	Bandavirus	45437	Bandavirus_QEK22916.1
QEK22917.1	Bandavirus	45437	Bandavirus_QEK22917.1
QEK22918.1	Bandavirus	1771	Bandavirus_QEK22918.1
QEK22919.1	Bandavirus	56763	Bandavirus_QEK22919.1
QEK22920.1	Bandavirus	522	Bandavirus_QEK22920.1
QEK22921.1	Bandavirus	6587	Bandavirus_QEK22921.1
QEK22922.1	Bandavirus	234	Bandavirus_QEK22922.1
QEL09438.1	Bandavirus	654	Bandavirus_QEL09438.1
QEL09442.1	Bandavirus	9	Bandavirus_QEL09442.1
QEL09446.1	Bandavirus	56763	Bandavirus_QEL09446.1
QEL09450.1	Bandavirus	522	Bandavirus_QEL09450.1
QEL09454.1	Bandavirus	6587	Bandavirus_QEL09454.1
QEL09462.1	Bandavirus	56763	Bandavirus_QEL09462.1
QEL09466.1	Bandavirus	2346	Bandavirus_QEL09466.1
QEX94006.1	Bandavirus	45437	Bandavirus_QEX94006.1
QHU78994.1	Bandavirus	9	Bandavirus_QHU78994.1
QIN54115.1	Bandavirus	56763	Bandavirus_QIN54115.1
QJB76139.1	Bandavirus	45437	Bandavirus_QJB76139.1
QJB76140.1	Bandavirus	522	Bandavirus_QJB76140.1
QJB76141.1	Bandavirus	45437	Bandavirus_QJB76141.1
QKG86501.1	Bandavirus	9	Bandavirus_QKG86501.1
QLF97391.1	Bandavirus	654	Bandavirus_QLF97391.1
QNQ18274.1	Bandavirus	1771	Bandavirus_QNQ18274.1
QNR55324.1	Bandavirus	234	Bandavirus_QNR55324.1
QNR55327.1	Bandavirus	9	Bandavirus_QNR55327.1
QNR55328.1	Bandavirus	45437	Bandavirus_QNR55328.1
QNR55329.1	Bandavirus	45437	Bandavirus_QNR55329.1
QNR55331.1	Bandavirus	6587	Bandavirus_QNR55331.1
QNR55333.1	Bandavirus	56763	Bandavirus_QNR55333.1
QNR55336.1	Bandavirus	234	Bandavirus_QNR55336.1
QNR55337.1	Bandavirus	2346	Bandavirus_QNR55337.1
QNR55338.1	Bandavirus	9855	Bandavirus_QNR55338.1
QNR55339.1	Bandavirus	654	Bandavirus_QNR55339.1
QNR55340.1	Bandavirus	522	Bandavirus_QNR55340.1
QNR55341.1	Bandavirus	1771	Bandavirus_QNR55341.1
QNR55342.1	Bandavirus	9	Bandavirus_QNR55342.1
QNR55345.1	Bandavirus	2346	Bandavirus_QNR55345.1
QNR55346.1	Bandavirus	654	Bandavirus_QNR55346.1
QNR55349.1	Bandavirus	9	Bandavirus_QNR55349.1
QNR55350.1	Bandavirus	56763	Bandavirus_QNR55350.1
QNR55352.1	Bandavirus	6587	Bandavirus_QNR55352.1
QNR55353.1	Bandavirus	45437	Bandavirus_QNR55353.1
QNR55354.1	Bandavirus	9	Bandavirus_QNR55354.1
QNR55355.1	Bandavirus	6587	Bandavirus_QNR55355.1
QNR55356.1	Bandavirus	56763	Bandavirus_QNR55356.1
QNR55358.1	Bandavirus	56763	Bandavirus_QNR55358.1
QNR55360.1	Bandavirus	9855	Bandavirus_QNR55360.1
QNR55361.1	Bandavirus	1771	Bandavirus_QNR55361.1
QNR55362.1	Bandavirus	654	Bandavirus_QNR55362.1
QNR55363.2	Bandavirus	9	Bandavirus_QNR55363.2
QNR55364.1	Bandavirus	654	Bandavirus_QNR55364.1
QNR55365.1	Bandavirus	234	Bandavirus_QNR55365.1
QNR55366.1	Bandavirus	522	Bandavirus_QNR55366.1
QNR55367.1	Bandavirus	56763	Bandavirus_QNR55367.1
QNR55370.1	Bandavirus	56763	Bandavirus_QNR55370.1
QNR55371.1	Bandavirus	9855	Bandavirus_QNR55371.1
QNR55377.1	Bandavirus	56763	Bandavirus_QNR55377.1
QNR55379.1	Bandavirus	2346	Bandavirus_QNR55379.1
QNR55382.1	Bandavirus	9	Bandavirus_QNR55382.1
QNR55383.1	Bandavirus	1771	Bandavirus_QNR55383.1
QNR55384.1	Bandavirus	9	Bandavirus_QNR55384.1
QNR55386.1	Bandavirus	234	Bandavirus_QNR55386.1
QNR55387.1	Bandavirus	654	Bandavirus_QNR55387.1
QNR55388.1	Bandavirus	6587	Bandavirus_QNR55388.1
QNR55390.1	Bandavirus	6587	Bandavirus_QNR55390.1
QNR55392.1	Bandavirus	9	Bandavirus_QNR55392.1
QNR55393.1	Bandavirus	2346	Bandavirus_QNR55393.1
QNR55394.1	Bandavirus	654	Bandavirus_QNR55394.1
QNR55395.1	Bandavirus	9	Bandavirus_QNR55395.1
QNR55396.1	Bandavirus	654	Bandavirus_QNR55396.1
QNR55397.1	Bandavirus	6587	Bandavirus_QNR55397.1
QNR55398.2	Bandavirus	1771	Bandavirus_QNR55398.2
QNR55399.2	Bandavirus	1771	Bandavirus_QNR55399.2
QNR55400.1	Bandavirus	9855	Bandavirus_QNR55400.1
QNR55401.1	Bandavirus	1771	Bandavirus_QNR55401.1
QNR55402.1	Bandavirus	1771	Bandavirus_QNR55402.1
QNR55403.1	Bandavirus	9	Bandavirus_QNR55403.1
QNR55404.1	Bandavirus	654	Bandavirus_QNR55404.1
QNR55406.1	Bandavirus	9	Bandavirus_QNR55406.1
QNR55408.1	Bandavirus	654	Bandavirus_QNR55408.1
QNR55411.1	Bandavirus	2346	Bandavirus_QNR55411.1
QNR55412.1	Bandavirus	522	Bandavirus_QNR55412.1
QNR55414.1	Bandavirus	45437	Bandavirus_QNR55414.1
QNR55416.2	Bandavirus	6587	Bandavirus_QNR55416.2
QNR55418.1	Bandavirus	9	Bandavirus_QNR55418.1
QNR55419.1	Bandavirus	9	Bandavirus_QNR55419.1
QNR55423.1	Bandavirus	2346	Bandavirus_QNR55423.1
QNR55424.1	Bandavirus	1771	Bandavirus_QNR55424.1
QNR55426.1	Bandavirus	1771	Bandavirus_QNR55426.1
QNR55427.1	Bandavirus	1771	Bandavirus_QNR55427.1
QNR55429.1	Bandavirus	654	Bandavirus_QNR55429.1
QNR55430.1	Bandavirus	56763	Bandavirus_QNR55430.1
QNR55432.1	Bandavirus	1771	Bandavirus_QNR55432.1
QNR55433.1	Bandavirus	9	Bandavirus_QNR55433.1
QNR55434.1	Bandavirus	6587	Bandavirus_QNR55434.1
QNR55435.1	Bandavirus	6587	Bandavirus_QNR55435.1
QNR55436.1	Bandavirus	9	Bandavirus_QNR55436.1
QNR55438.1	Bandavirus	6587	Bandavirus_QNR55438.1
QNR55439.1	Bandavirus	56763	Bandavirus_QNR55439.1
QNR55440.1	Bandavirus	522	Bandavirus_QNR55440.1
QNR55441.1	Bandavirus	56763	Bandavirus_QNR55441.1
QNR55442.1	Bandavirus	9855	Bandavirus_QNR55442.1
QNR55443.1	Bandavirus	56763	Bandavirus_QNR55443.1
QNR55445.1	Bandavirus	1771	Bandavirus_QNR55445.1
QNR55448.1	Bandavirus	6587	Bandavirus_QNR55448.1
QNR55450.1	Bandavirus	1771	Bandavirus_QNR55450.1
QNR55453.2	Bandavirus	56763	Bandavirus_QNR55453.2
QNR55454.1	Bandavirus	45437	Bandavirus_QNR55454.1
QNR55456.1	Bandavirus	56763	Bandavirus_QNR55456.1
QNR55457.2	Bandavirus	6587	Bandavirus_QNR55457.2
QNR55459.1	Bandavirus	654	Bandavirus_QNR55459.1
QNR55460.1	Bandavirus	9855	Bandavirus_QNR55460.1
QNR55461.1	Bandavirus	56763	Bandavirus_QNR55461.1
QNR55463.1	Bandavirus	9	Bandavirus_QNR55463.1
QNR55464.2	Bandavirus	9855	Bandavirus_QNR55464.2
QNR55465.1	Bandavirus	9	Bandavirus_QNR55465.1
QNR55467.1	Bandavirus	6587	Bandavirus_QNR55467.1
QNR55470.1	Bandavirus	1771	Bandavirus_QNR55470.1
QNR55472.1	Bandavirus	9855	Bandavirus_QNR55472.1
QNR55478.2	Bandavirus	45437	Bandavirus_QNR55478.2
QNR55479.2	Bandavirus	6587	Bandavirus_QNR55479.2
QNR55486.1	Bandavirus	56763	Bandavirus_QNR55486.1
QNR55487.1	Bandavirus	654	Bandavirus_QNR55487.1
QNR55488.1	Bandavirus	522	Bandavirus_QNR55488.1
QNR55489.1	Bandavirus	45437	Bandavirus_QNR55489.1
QNR55492.1	Bandavirus	9	Bandavirus_QNR55492.1
QNR55496.1	Bandavirus	234	Bandavirus_QNR55496.1
QNR55499.1	Bandavirus	234	Bandavirus_QNR55499.1
QNR55502.1	Bandavirus	45437	Bandavirus_QNR55502.1
QNR55503.1	Bandavirus	9	Bandavirus_QNR55503.1
QNR55504.1	Bandavirus	522	Bandavirus_QNR55504.1
QOW38077.1	Bandavirus	522	Bandavirus_QOW38077.1
QPF77280.1	Bandavirus	2346	Bandavirus_QPF77280.1
QPF77282.1	Bandavirus	56763	Bandavirus_QPF77282.1
QPF77283.1	Bandavirus	522	Bandavirus_QPF77283.1
QPF77286.1	Bandavirus	522	Bandavirus_QPF77286.1
QPF77287.1	Bandavirus	45437	Bandavirus_QPF77287.1
QPF77288.1	Bandavirus	6587	Bandavirus_QPF77288.1
QPF77289.1	Bandavirus	522	Bandavirus_QPF77289.1
QPF77290.1	Bandavirus	9855	Bandavirus_QPF77290.1
QPF77291.1	Bandavirus	234	Bandavirus_QPF77291.1
QPF77292.1	Bandavirus	45437	Bandavirus_QPF77292.1
QPF77293.1	Bandavirus	1771	Bandavirus_QPF77293.1
QPF77294.1	Bandavirus	2346	Bandavirus_QPF77294.1
QPF77296.1	Bandavirus	234	Bandavirus_QPF77296.1
QPF77297.1	Bandavirus	56763	Bandavirus_QPF77297.1
QPF77298.1	Bandavirus	56763	Bandavirus_QPF77298.1
QPF77299.1	Bandavirus	234	Bandavirus_QPF77299.1
QPF77300.1	Bandavirus	234	Bandavirus_QPF77300.1
QPF77301.1	Bandavirus	45437	Bandavirus_QPF77301.1
QPF77302.1	Bandavirus	234	Bandavirus_QPF77302.1
QPF77303.1	Bandavirus	56763	Bandavirus_QPF77303.1
QPF77305.1	Bandavirus	56763	Bandavirus_QPF77305.1
QPF77306.1	Bandavirus	2346	Bandavirus_QPF77306.1
QPF77307.1	Bandavirus	522	Bandavirus_QPF77307.1
QPF77308.1	Bandavirus	56763	Bandavirus_QPF77308.1
QPF77309.1	Bandavirus	654	Bandavirus_QPF77309.1
QPF77310.1	Bandavirus	45437	Bandavirus_QPF77310.1
QPF77311.1	Bandavirus	654	Bandavirus_QPF77311.1
QPF77313.1	Bandavirus	2346	Bandavirus_QPF77313.1
QPF77314.1	Bandavirus	234	Bandavirus_QPF77314.1
QPF77316.1	Bandavirus	234	Bandavirus_QPF77316.1
QPF77317.1	Bandavirus	654	Bandavirus_QPF77317.1
QPF77318.1	Bandavirus	2346	Bandavirus_QPF77318.1
QPF77320.1	Bandavirus	45437	Bandavirus_QPF77320.1
QPF77321.1	Bandavirus	9855	Bandavirus_QPF77321.1
QQJ41988.1	Bandavirus	1771	Bandavirus_QQJ41988.1
QQJ41992.1	Bandavirus	9	Bandavirus_QQJ41992.1
QQJ41996.1	Bandavirus	234	Bandavirus_QQJ41996.1
QQJ42000.1	Bandavirus	1771	Bandavirus_QQJ42000.1
QQJ42004.1	Bandavirus	9855	Bandavirus_QQJ42004.1
QQJ42008.1	Bandavirus	1771	Bandavirus_QQJ42008.1
QQZ00222.1	Bandavirus	6587	Bandavirus_QQZ00222.1
QQZ00223.1	Bandavirus	522	Bandavirus_QQZ00223.1
QQZ00224.1	Bandavirus	9855	Bandavirus_QQZ00224.1
QQZ00225.1	Bandavirus	6587	Bandavirus_QQZ00225.1
QQZ00226.1	Bandavirus	234	Bandavirus_QQZ00226.1
QQZ00227.1	Bandavirus	45437	Bandavirus_QQZ00227.1
QQZ00228.1	Bandavirus	56763	Bandavirus_QQZ00228.1
QQZ00229.1	Bandavirus	522	Bandavirus_QQZ00229.1
QQZ00231.1	Bandavirus	9	Bandavirus_QQZ00231.1
QQZ00232.1	Bandavirus	654	Bandavirus_QQZ00232.1
QQZ00233.1	Bandavirus	234	Bandavirus_QQZ00233.1
QQZ00234.1	Bandavirus	9855	Bandavirus_QQZ00234.1
QQZ00235.1	Bandavirus	654	Bandavirus_QQZ00235.1
QQZ00254.1	Bandavirus	9855	Bandavirus_QQZ00254.1
QQZ00256.1	Bandavirus	1771	Bandavirus_QQZ00256.1
QQZ00257.1	Bandavirus	45437	Bandavirus_QQZ00257.1
QQZ00258.1	Bandavirus	2346	Bandavirus_QQZ00258.1
QQZ00259.1	Bandavirus	56763	Bandavirus_QQZ00259.1
QQZ00261.1	Bandavirus	6587	Bandavirus_QQZ00261.1
QQZ00263.1	Bandavirus	6587	Bandavirus_QQZ00263.1
QQZ00264.1	Bandavirus	9	Bandavirus_QQZ00264.1
QQZ00266.1	Bandavirus	9855	Bandavirus_QQZ00266.1
QVD38655.1	Bandavirus	1771	Bandavirus_QVD38655.1
QVD38656.1	Bandavirus	56763	Bandavirus_QVD38656.1
QVD38657.1	Bandavirus	2346	Bandavirus_QVD38657.1
QVD38658.1	Bandavirus	56763	Bandavirus_QVD38658.1
QVD38659.1	Bandavirus	9855	Bandavirus_QVD38659.1
QVD38660.1	Bandavirus	45437	Bandavirus_QVD38660.1
QVD38661.1	Bandavirus	9	Bandavirus_QVD38661.1
QVD38662.1	Bandavirus	2346	Bandavirus_QVD38662.1
QVD38663.1	Bandavirus	56763	Bandavirus_QVD38663.1
QVD38664.1	Bandavirus	654	Bandavirus_QVD38664.1
QVD38665.1	Bandavirus	45437	Bandavirus_QVD38665.1
QVD38666.1	Bandavirus	6587	Bandavirus_QVD38666.1
QVD38667.1	Bandavirus	1771	Bandavirus_QVD38667.1
QVD38668.1	Bandavirus	9855	Bandavirus_QVD38668.1
QVD38669.1	Bandavirus	45437	Bandavirus_QVD38669.1
QVD38670.1	Bandavirus	9	Bandavirus_QVD38670.1
QVD38671.1	Bandavirus	9	Bandavirus_QVD38671.1
QVD38672.1	Bandavirus	522	Bandavirus_QVD38672.1
QVD38673.1	Bandavirus	1771	Bandavirus_QVD38673.1
QVD38674.1	Bandavirus	6587	Bandavirus_QVD38674.1
QVD38675.1	Bandavirus	522	Bandavirus_QVD38675.1
QVD38677.1	Bandavirus	6587	Bandavirus_QVD38677.1
QVD38679.1	Bandavirus	654	Bandavirus_QVD38679.1
QVD38680.1	Bandavirus	654	Bandavirus_QVD38680.1
QVD38681.1	Bandavirus	2346	Bandavirus_QVD38681.1
QVD38682.1	Bandavirus	9	Bandavirus_QVD38682.1
QVD38683.1	Bandavirus	56763	Bandavirus_QVD38683.1
QXN54690.1	Bandavirus	56763	Bandavirus_QXN54690.1
QXN54694.1	Bandavirus	234	Bandavirus_QXN54694.1
QXO33762.1	Bandavirus	234	Bandavirus_QXO33762.1
QXW15212.1	Bandavirus	522	Bandavirus_QXW15212.1
QXW15216.1	Bandavirus	9	Bandavirus_QXW15216.1
QXW15220.1	Bandavirus	6587	Bandavirus_QXW15220.1
UDE22461.1	Bandavirus	9855	Bandavirus_UDE22461.1
UGM45812.1	Bandavirus	9	Bandavirus_UGM45812.1
UNP61850.1	Bandavirus	6587	Bandavirus_UNP61850.1
UNP61851.1	Bandavirus	9855	Bandavirus_UNP61851.1
UNP61852.1	Bandavirus	2346	Bandavirus_UNP61852.1
UNP61854.1	Bandavirus	9	Bandavirus_UNP61854.1
UNP61855.1	Bandavirus	45437	Bandavirus_UNP61855.1
UNP61857.1	Bandavirus	9	Bandavirus_UNP61857.1
UNP61860.1	Bandavirus	522	Bandavirus_UNP61860.1
UNP61861.1	Bandavirus	56763	Bandavirus_UNP61861.1
UNP61863.1	Bandavirus	522	Bandavirus_UNP61863.1
USH07818.1	Bandavirus	1771	Bandavirus_USH07818.1
USH07819.1	Bandavirus	9855	Bandavirus_USH07819.1
USH07820.1	Bandavirus	9855	Bandavirus_USH07820.1
USH07822.1	Bandavirus	654	Bandavirus_USH07822.1
USH07823.1	Bandavirus	56763	Bandavirus_USH07823.1
USH07824.1	Bandavirus	2346	Bandavirus_USH07824.1
USH07828.1	Bandavirus	1771	Bandavirus_USH07828.1
USH07830.1	Bandavirus	1771	Bandavirus_USH07830.1
USH07832.1	Bandavirus	234	Bandavirus_USH07832.1
USH07833.1	Bandavirus	6587	Bandavirus_USH07833.1
USH07835.1	Bandavirus	9855	Bandavirus_USH07835.1
USH07837.1	Bandavirus	654	Bandavirus_USH07837.1
USH07843.1	Bandavirus	9	Bandavirus_USH07843.1
USH07844.1	Bandavirus	654	Bandavirus_USH07844.1
USH07845.1	Bandavirus	9	Bandavirus_USH07845.1
USH07847.1	Bandavirus	1771	Bandavirus_USH07847.1
USH07849.1	Bandavirus	522	Bandavirus_USH07849.1
USH07850.1	Bandavirus	654	Bandavirus_USH07850.1
USH07854.1	Bandavirus	522	Bandavirus_USH07854.1
USH07858.1	Bandavirus	522	Bandavirus_USH07858.1
USH07859.1	Bandavirus	9855	Bandavirus_USH07859.1
USH07864.1	Bandavirus	6587	Bandavirus_USH07864.1
USH07867.1	Bandavirus	2346	Bandavirus_USH07867.1
USH07869.1	Bandavirus	9855	Bandavirus_USH07869.1
USH07872.1	Bandavirus	56763	Bandavirus_USH07872.1
USH07873.1	Bandavirus	9	Bandavirus_USH07873.1
USH07876.1	Bandavirus	45437	Bandavirus_USH07876.1
USH07881.1	Bandavirus	654	Bandavirus_USH07881.1
USH07882.1	Bandavirus	56763	Bandavirus_USH07882.1
USH07883.1	Bandavirus	234	Bandavirus_USH07883.1
USH07884.1	Bandavirus	522	Bandavirus_USH07884.1
USH07886.1	Bandavirus	1771	Bandavirus_USH07886.1
USH07889.1	Bandavirus	56763	Bandavirus_USH07889.1
USH07890.1	Bandavirus	234	Bandavirus_USH07890.1
USH07891.1	Bandavirus	234	Bandavirus_USH07891.1
USH07892.1	Bandavirus	9855	Bandavirus_USH07892.1
USH07893.1	Bandavirus	9855	Bandavirus_USH07893.1
USH07897.1	Bandavirus	654	Bandavirus_USH07897.1
USH07899.1	Bandavirus	9855	Bandavirus_USH07899.1
USH07901.1	Bandavirus	2346	Bandavirus_USH07901.1
USH07902.1	Bandavirus	9855	Bandavirus_USH07902.1
USH07911.1	Bandavirus	654	Bandavirus_USH07911.1
USH07912.1	Bandavirus	2346	Bandavirus_USH07912.1
USH07913.1	Bandavirus	654	Bandavirus_USH07913.1
USH07920.1	Bandavirus	45437	Bandavirus_USH07920.1
USH07924.1	Bandavirus	522	Bandavirus_USH07924.1
USH07927.1	Bandavirus	654	Bandavirus_USH07927.1
USH07928.1	Bandavirus	6587	Bandavirus_USH07928.1
USH07930.1	Bandavirus	9855	Bandavirus_USH07930.1
USH07931.1	Bandavirus	1771	Bandavirus_USH07931.1
USH07932.1	Bandavirus	9	Bandavirus_USH07932.1
USH07933.1	Bandavirus	2346	Bandavirus_USH07933.1
USH07936.1	Bandavirus	522	Bandavirus_USH07936.1
USH07939.1	Bandavirus	1771	Bandavirus_USH07939.1
USH07941.1	Bandavirus	9855	Bandavirus_USH07941.1
USH07942.1	Bandavirus	45437	Bandavirus_USH07942.1
USH07943.1	Bandavirus	56763	Bandavirus_USH07943.1
USH07945.1	Bandavirus	2346	Bandavirus_USH07945.1
USH07951.1	Bandavirus	6587	Bandavirus_USH07951.1
USH07952.1	Bandavirus	9	Bandavirus_USH07952.1
USH07953.1	Bandavirus	9	Bandavirus_USH07953.1
USH07956.1	Bandavirus	1771	Bandavirus_USH07956.1
USH07957.1	Bandavirus	2346	Bandavirus_USH07957.1
USH07959.1	Bandavirus	9855	Bandavirus_USH07959.1
USH07960.1	Bandavirus	6587	Bandavirus_USH07960.1
USH07964.1	Bandavirus	45437	Bandavirus_USH07964.1
USH07967.1	Bandavirus	45437	Bandavirus_USH07967.1
USH07969.1	Bandavirus	1771	Bandavirus_USH07969.1
USH07970.1	Bandavirus	654	Bandavirus_USH07970.1
USH07973.1	Bandavirus	56763	Bandavirus_USH07973.1
USH07974.1	Bandavirus	522	Bandavirus_USH07974.1
USH07975.1	Bandavirus	654	Bandavirus_USH07975.1
USH07976.1	Bandavirus	234	Bandavirus_USH07976.1
USH07978.1	Bandavirus	2346	Bandavirus_USH07978.1
USH07979.1	Bandavirus	654	Bandavirus_USH07979.1
USH07980.1	Bandavirus	522	Bandavirus_USH07980.1
USH07981.1	Bandavirus	56763	Bandavirus_USH07981.1
USH07989.1	Bandavirus	9855	Bandavirus_USH07989.1
USH07991.1	Bandavirus	522	Bandavirus_USH07991.1
USH07993.1	Bandavirus	654	Bandavirus_USH07993.1
USH07994.1	Bandavirus	56763	Bandavirus_USH07994.1
USH07995.1	Bandavirus	45437	Bandavirus_USH07995.1
USH07996.1	Bandavirus	522	Bandavirus_USH07996.1
USH07999.1	Bandavirus	2346	Bandavirus_USH07999.1
USH08002.1	Bandavirus	654	Bandavirus_USH08002.1
USH08003.1	Bandavirus	2346	Bandavirus_USH08003.1
USH08004.1	Bandavirus	522	Bandavirus_USH08004.1
USH08008.1	Bandavirus	45437	Bandavirus_USH08008.1
USH08011.1	Bandavirus	6587	Bandavirus_USH08011.1
USH08012.1	Bandavirus	9855	Bandavirus_USH08012.1
USH08014.1	Bandavirus	234	Bandavirus_USH08014.1
USH08015.1	Bandavirus	9	Bandavirus_USH08015.1
USH08017.1	Bandavirus	522	Bandavirus_USH08017.1
USH08026.1	Bandavirus	522	Bandavirus_USH08026.1
USH08029.1	Bandavirus	9855	Bandavirus_USH08029.1
USH08036.1	Bandavirus	2346	Bandavirus_USH08036.1
USH08039.1	Bandavirus	2346	Bandavirus_USH08039.1
USH08041.1	Bandavirus	234	Bandavirus_USH08041.1
USH08044.1	Bandavirus	6587	Bandavirus_USH08044.1
USH08045.1	Bandavirus	45437	Bandavirus_USH08045.1
USH08048.1	Bandavirus	9855	Bandavirus_USH08048.1
USH08054.1	Bandavirus	56763	Bandavirus_USH08054.1
USH08055.1	Bandavirus	654	Bandavirus_USH08055.1
USH08058.1	Bandavirus	45437	Bandavirus_USH08058.1
USH08061.1	Bandavirus	45437	Bandavirus_USH08061.1
USH08064.1	Bandavirus	6587	Bandavirus_USH08064.1
USH08066.1	Bandavirus	654	Bandavirus_USH08066.1
USH08067.1	Bandavirus	9	Bandavirus_USH08067.1
USH08070.1	Bandavirus	6587	Bandavirus_USH08070.1
USH08075.1	Bandavirus	1771	Bandavirus_USH08075.1
USH08077.1	Bandavirus	56763	Bandavirus_USH08077.1
USH08079.1	Bandavirus	654	Bandavirus_USH08079.1
USH08080.1	Bandavirus	6587	Bandavirus_USH08080.1
USH08085.1	Bandavirus	1771	Bandavirus_USH08085.1
USH08089.1	Bandavirus	522	Bandavirus_USH08089.1
USH08090.1	Bandavirus	522	Bandavirus_USH08090.1
USH08095.1	Bandavirus	234	Bandavirus_USH08095.1
USH08098.1	Bandavirus	6587	Bandavirus_USH08098.1
USH08101.1	Bandavirus	9855	Bandavirus_USH08101.1
USH08102.1	Bandavirus	654	Bandavirus_USH08102.1
USH08107.1	Bandavirus	9855	Bandavirus_USH08107.1
USH08115.1	Bandavirus	56763	Bandavirus_USH08115.1
USH08118.1	Bandavirus	9855	Bandavirus_USH08118.1
USH08121.1	Bandavirus	9855	Bandavirus_USH08121.1
USH08123.1	Bandavirus	6587	Bandavirus_USH08123.1
USH08124.1	Bandavirus	522	Bandavirus_USH08124.1
USH08125.1	Bandavirus	45437	Bandavirus_USH08125.1
USH08129.1	Bandavirus	2346	Bandavirus_USH08129.1
USH08133.1	Bandavirus	56763	Bandavirus_USH08133.1
USH08134.1	Bandavirus	522	Bandavirus_USH08134.1
USH08135.1	Bandavirus	234	Bandavirus_USH08135.1
USH08136.1	Bandavirus	6587	Bandavirus_USH08136.1
USH08137.1	Bandavirus	1771	Bandavirus_USH08137.1
USH08141.1	Bandavirus	45437	Bandavirus_USH08141.1
USH08145.1	Bandavirus	522	Bandavirus_USH08145.1
USH08149.1	Bandavirus	56763	Bandavirus_USH08149.1
USH08150.1	Bandavirus	56763	Bandavirus_USH08150.1
USH08154.1	Bandavirus	654	Bandavirus_USH08154.1
USH08155.1	Bandavirus	234	Bandavirus_USH08155.1
USH08156.1	Bandavirus	654	Bandavirus_USH08156.1
USH08158.1	Bandavirus	6587	Bandavirus_USH08158.1
USH08162.1	Bandavirus	2346	Bandavirus_USH08162.1
USH08163.1	Bandavirus	56763	Bandavirus_USH08163.1
USH08166.1	Bandavirus	56763	Bandavirus_USH08166.1
USH08168.1	Bandavirus	9855	Bandavirus_USH08168.1
USH08171.1	Bandavirus	654	Bandavirus_USH08171.1
USH08173.1	Bandavirus	9	Bandavirus_USH08173.1
USH08174.1	Bandavirus	9	Bandavirus_USH08174.1
USH08175.1	Bandavirus	1771	Bandavirus_USH08175.1
USH08176.1	Bandavirus	2346	Bandavirus_USH08176.1
USH08177.1	Bandavirus	2346	Bandavirus_USH08177.1
USH08179.1	Bandavirus	6587	Bandavirus_USH08179.1
USH08182.1	Bandavirus	1771	Bandavirus_USH08182.1
USH08183.1	Bandavirus	234	Bandavirus_USH08183.1
USH08184.1	Bandavirus	522	Bandavirus_USH08184.1
USH08187.1	Bandavirus	1771	Bandavirus_USH08187.1
USH08188.1	Bandavirus	6587	Bandavirus_USH08188.1
USH08192.1	Bandavirus	45437	Bandavirus_USH08192.1
USH08195.1	Bandavirus	9	Bandavirus_USH08195.1
USH08196.1	Bandavirus	45437	Bandavirus_USH08196.1
USH08202.1	Bandavirus	9	Bandavirus_USH08202.1
USH08203.1	Bandavirus	2346	Bandavirus_USH08203.1
USH08205.1	Bandavirus	522	Bandavirus_USH08205.1
USH08208.1	Bandavirus	56763	Bandavirus_USH08208.1
USH08211.1	Bandavirus	56763	Bandavirus_USH08211.1
USH08212.1	Bandavirus	1771	Bandavirus_USH08212.1
USH08214.1	Bandavirus	45437	Bandavirus_USH08214.1
USH08220.1	Bandavirus	2346	Bandavirus_USH08220.1
USH08222.1	Bandavirus	6587	Bandavirus_USH08222.1
USH08223.1	Bandavirus	56763	Bandavirus_USH08223.1
USH08228.1	Bandavirus	1771	Bandavirus_USH08228.1
USH08229.1	Bandavirus	45437	Bandavirus_USH08229.1
USH08230.1	Bandavirus	56763	Bandavirus_USH08230.1
USH08232.1	Bandavirus	9855	Bandavirus_USH08232.1
USH08233.1	Bandavirus	522	Bandavirus_USH08233.1
USH08237.1	Bandavirus	9	Bandavirus_USH08237.1
USH08238.1	Bandavirus	9	Bandavirus_USH08238.1
USH08240.1	Bandavirus	1771	Bandavirus_USH08240.1
USH08241.1	Bandavirus	522	Bandavirus_USH08241.1
USH08242.1	Bandavirus	2346	Bandavirus_USH08242.1
USH08245.1	Bandavirus	56763	Bandavirus_USH08245.1
USH08247.1	Bandavirus	6587	Bandavirus_USH08247.1
USH08248.1	Bandavirus	9855	Bandavirus_USH08248.1
USH08249.1	Bandavirus	654	Bandavirus_USH08249.1
USH08250.1	Bandavirus	9	Bandavirus_USH08250.1
USH08251.1	Bandavirus	9855	Bandavirus_USH08251.1
USH08252.1	Bandavirus	9855	Bandavirus_USH08252.1
USH08257.1	Bandavirus	6587	Bandavirus_USH08257.1
USH08261.1	Bandavirus	9	Bandavirus_USH08261.1
USH08263.1	Bandavirus	6587	Bandavirus_USH08263.1
USH08265.1	Bandavirus	45437	Bandavirus_USH08265.1
USH08270.1	Bandavirus	56763	Bandavirus_USH08270.1
USH08274.1	Bandavirus	654	Bandavirus_USH08274.1
USH08279.1	Bandavirus	654	Bandavirus_USH08279.1
USH08280.1	Bandavirus	56763	Bandavirus_USH08280.1
USH08281.1	Bandavirus	2346	Bandavirus_USH08281.1
USH08283.1	Bandavirus	9855	Bandavirus_USH08283.1
USH08287.1	Bandavirus	2346	Bandavirus_USH08287.1
USH08289.1	Bandavirus	522	Bandavirus_USH08289.1
USH08296.1	Bandavirus	2346	Bandavirus_USH08296.1
USH08300.1	Bandavirus	9	Bandavirus_USH08300.1
USH08302.1	Bandavirus	6587	Bandavirus_USH08302.1
USH08304.1	Bandavirus	45437	Bandavirus_USH08304.1
USH08309.1	Bandavirus	2346	Bandavirus_USH08309.1
USH08312.1	Bandavirus	2346	Bandavirus_USH08312.1
USH08317.1	Bandavirus	654	Bandavirus_USH08317.1
USH08319.1	Bandavirus	6587	Bandavirus_USH08319.1
USH08320.1	Bandavirus	522	Bandavirus_USH08320.1
USH08322.1	Bandavirus	9	Bandavirus_USH08322.1
USH08323.1	Bandavirus	56763	Bandavirus_USH08323.1
USH08324.1	Bandavirus	56763	Bandavirus_USH08324.1
USH08325.1	Bandavirus	45437	Bandavirus_USH08325.1
USH08328.1	Bandavirus	9855	Bandavirus_USH08328.1
USH08330.1	Bandavirus	9855	Bandavirus_USH08330.1
USH08331.1	Bandavirus	234	Bandavirus_USH08331.1
USH08335.1	Bandavirus	2346	Bandavirus_USH08335.1
USH08337.1	Bandavirus	56763	Bandavirus_USH08337.1
USH08338.1	Bandavirus	9	Bandavirus_USH08338.1
USH08339.1	Bandavirus	9	Bandavirus_USH08339.1
USH08341.1	Bandavirus	56763	Bandavirus_USH08341.1
USH08346.1	Bandavirus	45437	Bandavirus_USH08346.1
USH08347.1	Bandavirus	9855	Bandavirus_USH08347.1
USH08349.1	Bandavirus	234	Bandavirus_USH08349.1
USH08351.1	Bandavirus	6587	Bandavirus_USH08351.1
USH08353.1	Bandavirus	45437	Bandavirus_USH08353.1
USH08354.1	Bandavirus	1771	Bandavirus_USH08354.1
USH08357.1	Bandavirus	2346	Bandavirus_USH08357.1
USH08358.1	Bandavirus	234	Bandavirus_USH08358.1
USH08359.1	Bandavirus	9855	Bandavirus_USH08359.1
USH08364.1	Bandavirus	1771	Bandavirus_USH08364.1
USH08365.1	Bandavirus	654	Bandavirus_USH08365.1
USH08366.1	Bandavirus	1771	Bandavirus_USH08366.1
USH08368.1	Bandavirus	234	Bandavirus_USH08368.1
USH08371.1	Bandavirus	2346	Bandavirus_USH08371.1
USH08373.1	Bandavirus	1771	Bandavirus_USH08373.1
USH08375.1	Bandavirus	234	Bandavirus_USH08375.1
USH08376.1	Bandavirus	9855	Bandavirus_USH08376.1
USH08382.1	Bandavirus	56763	Bandavirus_USH08382.1
USH08383.1	Bandavirus	56763	Bandavirus_USH08383.1
USH08384.1	Bandavirus	56763	Bandavirus_USH08384.1
USH08386.1	Bandavirus	234	Bandavirus_USH08386.1
USH08388.1	Bandavirus	1771	Bandavirus_USH08388.1
USH08390.1	Bandavirus	522	Bandavirus_USH08390.1
USH08392.1	Bandavirus	522	Bandavirus_USH08392.1
USH08393.1	Bandavirus	654	Bandavirus_USH08393.1
USH08396.1	Bandavirus	654	Bandavirus_USH08396.1
USH08398.1	Bandavirus	45437	Bandavirus_USH08398.1
USH08404.1	Bandavirus	45437	Bandavirus_USH08404.1
USH08415.1	Bandavirus	654	Bandavirus_USH08415.1
USH08416.1	Bandavirus	9	Bandavirus_USH08416.1
USH08417.1	Bandavirus	45437	Bandavirus_USH08417.1
USH08421.1	Bandavirus	6587	Bandavirus_USH08421.1
USH08422.1	Bandavirus	56763	Bandavirus_USH08422.1
USH08423.1	Bandavirus	2346	Bandavirus_USH08423.1
USH08424.1	Bandavirus	654	Bandavirus_USH08424.1
USH08425.1	Bandavirus	2346	Bandavirus_USH08425.1
USH08429.1	Bandavirus	1771	Bandavirus_USH08429.1
USH08430.1	Bandavirus	654	Bandavirus_USH08430.1
USH08431.1	Bandavirus	2346	Bandavirus_USH08431.1
USH08433.1	Bandavirus	234	Bandavirus_USH08433.1
USH08436.1	Bandavirus	9855	Bandavirus_USH08436.1
USH08437.1	Bandavirus	1771	Bandavirus_USH08437.1
USH08439.1	Bandavirus	2346	Bandavirus_USH08439.1
USH08440.1	Bandavirus	56763	Bandavirus_USH08440.1
USH08441.1	Bandavirus	6587	Bandavirus_USH08441.1
USH08442.1	Bandavirus	234	Bandavirus_USH08442.1
USH08445.1	Bandavirus	522	Bandavirus_USH08445.1
USH08447.1	Bandavirus	45437	Bandavirus_USH08447.1
USH08448.1	Bandavirus	6587	Bandavirus_USH08448.1
USH08449.1	Bandavirus	522	Bandavirus_USH08449.1
USH08452.1	Bandavirus	6587	Bandavirus_USH08452.1
USH08453.1	Bandavirus	522	Bandavirus_USH08453.1
USH08455.1	Bandavirus	6587	Bandavirus_USH08455.1
USH08456.1	Bandavirus	1771	Bandavirus_USH08456.1
USH08459.1	Bandavirus	522	Bandavirus_USH08459.1
USH08460.1	Bandavirus	45437	Bandavirus_USH08460.1
USH08462.1	Bandavirus	1771	Bandavirus_USH08462.1
USH08466.1	Bandavirus	6587	Bandavirus_USH08466.1
USH08467.1	Bandavirus	2346	Bandavirus_USH08467.1
USH08469.1	Bandavirus	1771	Bandavirus_USH08469.1
USH08470.1	Bandavirus	6587	Bandavirus_USH08470.1
USH08471.1	Bandavirus	1771	Bandavirus_USH08471.1
USH08472.1	Bandavirus	9855	Bandavirus_USH08472.1
USH08473.1	Bandavirus	1771	Bandavirus_USH08473.1
USH08474.1	Bandavirus	6587	Bandavirus_USH08474.1
USH08475.1	Bandavirus	6587	Bandavirus_USH08475.1
USH08476.1	Bandavirus	6587	Bandavirus_USH08476.1
USH08477.1	Bandavirus	1771	Bandavirus_USH08477.1
USH08480.1	Bandavirus	6587	Bandavirus_USH08480.1
USH08482.1	Bandavirus	45437	Bandavirus_USH08482.1
USH08483.1	Bandavirus	522	Bandavirus_USH08483.1
USH08484.1	Bandavirus	522	Bandavirus_USH08484.1
USH08485.1	Bandavirus	45437	Bandavirus_USH08485.1
USH08489.1	Bandavirus	56763	Bandavirus_USH08489.1
USH08490.1	Bandavirus	654	Bandavirus_USH08490.1
USH08491.1	Bandavirus	9855	Bandavirus_USH08491.1
USH08493.1	Bandavirus	234	Bandavirus_USH08493.1
USH08495.1	Bandavirus	2346	Bandavirus_USH08495.1
USH08496.1	Bandavirus	56763	Bandavirus_USH08496.1
UUU45886.1	Bandavirus	1771	Bandavirus_UUU45886.1
UVC50261.1	Bandavirus	2346	Bandavirus_UVC50261.1
UVC50262.1	Bandavirus	56763	Bandavirus_UVC50262.1
UVJ50027.1	Bandavirus	6587	Bandavirus_UVJ50027.1
UVJ50028.1	Bandavirus	9855	Bandavirus_UVJ50028.1
UVJ50031.1	Bandavirus	56763	Bandavirus_UVJ50031.1
UVU33806.1	Bandavirus	654	Bandavirus_UVU33806.1
UVU33807.1	Bandavirus	654	Bandavirus_UVU33807.1
UVU33808.1	Bandavirus	6587	Bandavirus_UVU33808.1
UVU33823.1	Bandavirus	234	Bandavirus_UVU33823.1
UVU33825.1	Bandavirus	45437	Bandavirus_UVU33825.1
UXL90851.1	Bandavirus	9	Bandavirus_UXL90851.1
UXP88717.1	Bandavirus	234	Bandavirus_UXP88717.1
UYI58065.1	Bandavirus	1771	Bandavirus_UYI58065.1
UYI58069.1	Bandavirus	2346	Bandavirus_UYI58069.1
UYU25455.1	Bandavirus	234	Bandavirus_UYU25455.1
UYU25459.1	Bandavirus	2346	Bandavirus_UYU25459.1
UYU25463.1	Bandavirus	654	Bandavirus_UYU25463.1
WAK75650.1	Bandavirus	9855	Bandavirus_WAK75650.1
WAK75666.1	Bandavirus	522	Bandavirus_WAK75666.1
YP_006504091.1	Bandavirus	6587	Bandavirus_YP_006504091.1
YP_008003507.1	Bandavirus	56763	Bandavirus_YP_008003507.1
YP_008719916.1	Bandavirus	56763	Bandavirus_YP_008719916.1
YP_009047242.1	Bandavirus	234	Bandavirus_YP_009047242.1
YP_009141013.1	Bandavirus	9	Bandavirus_YP_009141013.1
YP_009162641.1	Bandavirus	9855	Bandavirus_YP_009162641.1
YP_009666133.1	Bandavirus	234	Bandavirus_YP_009666133.1
YP_009666941.1	Bandavirus	56763	Bandavirus_YP_009666941.1
YP_009329894.1	Beidivirus	45437	Beidivirus_YP_009329894.1
ASY01340.1	Coguvirus	522	Coguvirus_ASY01340.1
ASY01343.1	Coguvirus	1771	Coguvirus_ASY01343.1
AXR98526.1	Coguvirus	522	Coguvirus_AXR98526.1
AYN78565.1	Coguvirus	234	Coguvirus_AYN78565.1
AYN78568.1	Coguvirus	6587	Coguvirus_AYN78568.1
BCX80284.1	Coguvirus	1771	Coguvirus_BCX80284.1
BCX80290.1	Coguvirus	1771	Coguvirus_BCX80290.1
QDK54398.1	Coguvirus	1771	Coguvirus_QDK54398.1
QDK54399.1	Coguvirus	654	Coguvirus_QDK54399.1
QEE94611.1	Coguvirus	2346	Coguvirus_QEE94611.1
QEU56214.1	Coguvirus	522	Coguvirus_QEU56214.1
QPF47541.1	Coguvirus	56763	Coguvirus_QPF47541.1
QSC42549.1	Coguvirus	56763	Coguvirus_QSC42549.1
QTH26260.1	Coguvirus	9855	Coguvirus_QTH26260.1
QUS52476.1	Coguvirus	6587	Coguvirus_QUS52476.1
QUS52479.1	Coguvirus	6587	Coguvirus_QUS52479.1
QUS52482.1	Coguvirus	6587	Coguvirus_QUS52482.1
QUX80212.1	Coguvirus	45437	Coguvirus_QUX80212.1
QUX80215.1	Coguvirus	9855	Coguvirus_QUX80215.1
QXN66310.1	Coguvirus	1771	Coguvirus_QXN66310.1
QXN66311.1	Coguvirus	56763	Coguvirus_QXN66311.1
QZW25187.1	Coguvirus	2346	Coguvirus_QZW25187.1
UCJ00926.1	Coguvirus	522	Coguvirus_UCJ00926.1
UDN65938.1	Coguvirus	56763	Coguvirus_UDN65938.1
UEC79359.1	Coguvirus	522	Coguvirus_UEC79359.1
UFE16634.1	Coguvirus	234	Coguvirus_UFE16634.1
UOA05148.1	Coguvirus	9	Coguvirus_UOA05148.1
URW63961.1	Coguvirus	56763	Coguvirus_URW63961.1
USF82352.1	Coguvirus	2346	Coguvirus_USF82352.1
UUT43438.1	Coguvirus	45437	Coguvirus_UUT43438.1
UUT43445.1	Coguvirus	9855	Coguvirus_UUT43445.1
UYW40815.1	Coguvirus	654	Coguvirus_UYW40815.1
UZA34087.1	Coguvirus	6587	Coguvirus_UZA34087.1
WBB27578.1	Coguvirus	6587	Coguvirus_WBB27578.1
YP_009422199.1	Coguvirus	56763	Coguvirus_YP_009422199.1
YP_010086241.1	Entovirus	522	Entovirus_YP_010086241.1
ULE62098.1	Goukovirus	6587	Goukovirus_ULE62098.1
YP_009305143.1	Goukovirus	654	Goukovirus_YP_009305143.1
YP_009664615.1	Goukovirus	45437	Goukovirus_YP_009664615.1
YP_009664621.1	Goukovirus	654	Goukovirus_YP_009664621.1
QLJ83469.1	Horwuvirus	2346	Horwuvirus_QLJ83469.1
YP_009305136.1	Horwuvirus	9	Horwuvirus_YP_009305136.1
YP_009330281.1	Hudivirus	6587	Hudivirus_YP_009330281.1
YP_009330283.1	Hudovirus	522	Hudovirus_YP_009330283.1
AII01801.1	Ixovirus	9	Ixovirus_AII01801.1
AII01806.1	Ixovirus	234	Ixovirus_AII01806.1
ANT80544.1	Ixovirus	6587	Ixovirus_ANT80544.1
ASY03238.1	Ixovirus	9	Ixovirus_ASY03238.1
ASY03242.1	Ixovirus	56763	Ixovirus_ASY03242.1
ASY03244.1	Ixovirus	56763	Ixovirus_ASY03244.1
ASY03246.1	Ixovirus	45437	Ixovirus_ASY03246.1
ASY03248.1	Ixovirus	9	Ixovirus_ASY03248.1
YP_010086240.1	Ixovirus	56763	Ixovirus_YP_010086240.1
QMP81963.1	Laulavirus	234	Laulavirus_QMP81963.1
YP_009667028.1	Laulavirus	522	Laulavirus_YP_009667028.1
QOX06030.1	Lentinuvirus	234	Lentinuvirus_QOX06030.1
YP_010086265.1	Lentinuvirus	6587	Lentinuvirus_YP_010086265.1
APJ35636.1	Mobuvirus	1771	Mobuvirus_APJ35636.1
QHA33858.1	Mobuvirus	654	Mobuvirus_QHA33858.1
YP_009666266.1	Mobuvirus	6587	Mobuvirus_YP_009666266.1
AIF71030.1	Phasivirus	6587	Phasivirus_AIF71030.1
AOE46766.1	Phasivirus	2346	Phasivirus_AOE46766.1
ATQ62689.1	Phasivirus	9855	Phasivirus_ATQ62689.1
AWK27466.1	Phasivirus	45437	Phasivirus_AWK27466.1
BBN23931.1	Phasivirus	9855	Phasivirus_BBN23931.1
QEM39210.1	Phasivirus	45437	Phasivirus_QEM39210.1
QEM39213.1	Phasivirus	9	Phasivirus_QEM39213.1
QEM39216.1	Phasivirus	654	Phasivirus_QEM39216.1
QEM39219.1	Phasivirus	9	Phasivirus_QEM39219.1
QEM39222.1	Phasivirus	2346	Phasivirus_QEM39222.1
QEM39225.1	Phasivirus	522	Phasivirus_QEM39225.1
QEM39228.1	Phasivirus	45437	Phasivirus_QEM39228.1
QEM39231.1	Phasivirus	6587	Phasivirus_QEM39231.1
QEM39234.1	Phasivirus	45437	Phasivirus_QEM39234.1
QEM39237.1	Phasivirus	234	Phasivirus_QEM39237.1
QEM39240.1	Phasivirus	9855	Phasivirus_QEM39240.1
QEM39243.1	Phasivirus	1771	Phasivirus_QEM39243.1
QEM39246.1	Phasivirus	9855	Phasivirus_QEM39246.1
QEM39249.1	Phasivirus	234	Phasivirus_QEM39249.1
QHT65014.1	Phasivirus	6587	Phasivirus_QHT65014.1
QIC54212.1	Phasivirus	45437	Phasivirus_QIC54212.1
QKV44088.1	Phasivirus	9	Phasivirus_QKV44088.1
QKV44089.1	Phasivirus	1771	Phasivirus_QKV44089.1
QKV44090.1	Phasivirus	654	Phasivirus_QKV44090.1
QKV44091.1	Phasivirus	522	Phasivirus_QKV44091.1
QKV44092.1	Phasivirus	522	Phasivirus_QKV44092.1
QKV44093.1	Phasivirus	9855	Phasivirus_QKV44093.1
QKV44094.1	Phasivirus	654	Phasivirus_QKV44094.1
QKV44096.1	Phasivirus	45437	Phasivirus_QKV44096.1
QKV44097.1	Phasivirus	522	Phasivirus_QKV44097.1
QKV44098.1	Phasivirus	1771	Phasivirus_QKV44098.1
QKV44099.1	Phasivirus	2346	Phasivirus_QKV44099.1
QKV44100.1	Phasivirus	1771	Phasivirus_QKV44100.1
QKV44101.1	Phasivirus	2346	Phasivirus_QKV44101.1
QKV44102.1	Phasivirus	2346	Phasivirus_QKV44102.1
QKV44103.1	Phasivirus	522	Phasivirus_QKV44103.1
QKV44104.1	Phasivirus	234	Phasivirus_QKV44104.1
QKV44105.1	Phasivirus	1771	Phasivirus_QKV44105.1
QKV44106.1	Phasivirus	9	Phasivirus_QKV44106.1
QKV44107.1	Phasivirus	2346	Phasivirus_QKV44107.1
QKV44108.1	Phasivirus	1771	Phasivirus_QKV44108.1
QKV44109.1	Phasivirus	234	Phasivirus_QKV44109.1
QKV44110.1	Phasivirus	522	Phasivirus_QKV44110.1
QKV44111.1	Phasivirus	9855	Phasivirus_QKV44111.1
QKV44112.1	Phasivirus	234	Phasivirus_QKV44112.1
QLJ83473.1	Phasivirus	2346	Phasivirus_QLJ83473.1
QLJ83476.1	Phasivirus	9855	Phasivirus_QLJ83476.1
QOI91450.1	Phasivirus	9855	Phasivirus_QOI91450.1
QOI91453.1	Phasivirus	654	Phasivirus_QOI91453.1
UKZ11875.1	Phasivirus	45437	Phasivirus_UKZ11875.1
UKZ11877.1	Phasivirus	6587	Phasivirus_UKZ11877.1
UKZ11883.1	Phasivirus	45437	Phasivirus_UKZ11883.1
UYL94375.1	Phasivirus	56763	Phasivirus_UYL94375.1
YP_009305000.1	Phasivirus	6587	Phasivirus_YP_009305000.1
YP_009305140.1	Phasivirus	234	Phasivirus_YP_009305140.1
YP_009330277.1	Phasivirus	6587	Phasivirus_YP_009330277.1
YP_009505327.1	Phasivirus	6587	Phasivirus_YP_009505327.1
YP_009505332.1	Phasivirus	45437	Phasivirus_YP_009505332.1
6Y6K_A	Phlebovirus	56763	Phlebovirus_6Y6K_A
A2SZS3.1	Phlebovirus	1771	Phlebovirus_A2SZS3.1
ABD51499.1	Phlebovirus	6587	Phlebovirus_ABD51499.1
ABD51503.1	Phlebovirus	6587	Phlebovirus_ABD51503.1
ABD51504.1	Phlebovirus	6587	Phlebovirus_ABD51504.1
ABD51505.1	Phlebovirus	522	Phlebovirus_ABD51505.1
ABD51506.1	Phlebovirus	1771	Phlebovirus_ABD51506.1
ABD51508.1	Phlebovirus	9855	Phlebovirus_ABD51508.1
ABD51512.1	Phlebovirus	6587	Phlebovirus_ABD51512.1
ABD51513.1	Phlebovirus	522	Phlebovirus_ABD51513.1
ABD51514.1	Phlebovirus	6587	Phlebovirus_ABD51514.1
ABD51515.1	Phlebovirus	56763	Phlebovirus_ABD51515.1
ABD51516.1	Phlebovirus	2346	Phlebovirus_ABD51516.1
ABD51517.1	Phlebovirus	2346	Phlebovirus_ABD51517.1
ABD51518.1	Phlebovirus	1771	Phlebovirus_ABD51518.1
ABD51519.1	Phlebovirus	234	Phlebovirus_ABD51519.1
ABD51522.1	Phlebovirus	654	Phlebovirus_ABD51522.1
ABD51523.1	Phlebovirus	6587	Phlebovirus_ABD51523.1
ABD51526.1	Phlebovirus	234	Phlebovirus_ABD51526.1
ABD51528.1	Phlebovirus	654	Phlebovirus_ABD51528.1
ABD51529.1	Phlebovirus	654	Phlebovirus_ABD51529.1
ABD51530.1	Phlebovirus	9855	Phlebovirus_ABD51530.1
ABD51531.1	Phlebovirus	654	Phlebovirus_ABD51531.1
ABD51532.1	Phlebovirus	1771	Phlebovirus_ABD51532.1
ABD51533.1	Phlebovirus	2346	Phlebovirus_ABD51533.1
ABD51534.1	Phlebovirus	654	Phlebovirus_ABD51534.1
ABD51535.1	Phlebovirus	6587	Phlebovirus_ABD51535.1
ABD51536.1	Phlebovirus	9855	Phlebovirus_ABD51536.1
ABD51537.1	Phlebovirus	654	Phlebovirus_ABD51537.1
ABD51538.1	Phlebovirus	1771	Phlebovirus_ABD51538.1
ABZ85666.1	Phlebovirus	45437	Phlebovirus_ABZ85666.1
ACE78343.1	Phlebovirus	56763	Phlebovirus_ACE78343.1
ACE78344.1	Phlebovirus	1771	Phlebovirus_ACE78344.1
ACE78345.1	Phlebovirus	9855	Phlebovirus_ACE78345.1
ACE78346.1	Phlebovirus	234	Phlebovirus_ACE78346.1
ACE78347.1	Phlebovirus	1771	Phlebovirus_ACE78347.1
ACE78349.1	Phlebovirus	56763	Phlebovirus_ACE78349.1
ACE78358.1	Phlebovirus	234	Phlebovirus_ACE78358.1
ACE78359.1	Phlebovirus	522	Phlebovirus_ACE78359.1
ACM92008.1	Phlebovirus	234	Phlebovirus_ACM92008.1
ACM92009.1	Phlebovirus	9	Phlebovirus_ACM92009.1
ACM92010.1	Phlebovirus	654	Phlebovirus_ACM92010.1
ADO17679.1	Phlebovirus	45437	Phlebovirus_ADO17679.1
ADZ04474.1	Phlebovirus	56763	Phlebovirus_ADZ04474.1
ADZ04476.1	Phlebovirus	45437	Phlebovirus_ADZ04476.1
ADZ04485.1	Phlebovirus	9	Phlebovirus_ADZ04485.1
ADZ04489.1	Phlebovirus	2346	Phlebovirus_ADZ04489.1
ADZ04493.1	Phlebovirus	522	Phlebovirus_ADZ04493.1
ADZ04497.1	Phlebovirus	522	Phlebovirus_ADZ04497.1
ADZ04501.1	Phlebovirus	9855	Phlebovirus_ADZ04501.1
ADZ04505.1	Phlebovirus	522	Phlebovirus_ADZ04505.1
ADZ04509.1	Phlebovirus	2346	Phlebovirus_ADZ04509.1
ADZ72975.1	Phlebovirus	9	Phlebovirus_ADZ72975.1
ADZ95575.1	Phlebovirus	9855	Phlebovirus_ADZ95575.1
AEA29884.1	Phlebovirus	2346	Phlebovirus_AEA29884.1
AEA29885.1	Phlebovirus	522	Phlebovirus_AEA29885.1
AEA29886.1	Phlebovirus	45437	Phlebovirus_AEA29886.1
AEA29887.1	Phlebovirus	9855	Phlebovirus_AEA29887.1
AEA29888.1	Phlebovirus	56763	Phlebovirus_AEA29888.1
AEA29965.1	Phlebovirus	234	Phlebovirus_AEA29965.1
AEA30056.1	Phlebovirus	56763	Phlebovirus_AEA30056.1
AEA30060.1	Phlebovirus	2346	Phlebovirus_AEA30060.1
AEA30061.1	Phlebovirus	522	Phlebovirus_AEA30061.1
AEA30063.1	Phlebovirus	1771	Phlebovirus_AEA30063.1
AEB20473.1	Phlebovirus	654	Phlebovirus_AEB20473.1
AEB20474.1	Phlebovirus	2346	Phlebovirus_AEB20474.1
AEB20475.1	Phlebovirus	45437	Phlebovirus_AEB20475.1
AEB20476.1	Phlebovirus	2346	Phlebovirus_AEB20476.1
AEB20479.1	Phlebovirus	45437	Phlebovirus_AEB20479.1
AEB20480.1	Phlebovirus	9855	Phlebovirus_AEB20480.1
AEB20481.1	Phlebovirus	234	Phlebovirus_AEB20481.1
AEB20483.1	Phlebovirus	234	Phlebovirus_AEB20483.1
AEB70972.1	Phlebovirus	6587	Phlebovirus_AEB70972.1
AEC14274.1	Phlebovirus	9855	Phlebovirus_AEC14274.1
AEC14278.1	Phlebovirus	56763	Phlebovirus_AEC14278.1
AEC14279.1	Phlebovirus	234	Phlebovirus_AEC14279.1
AEC14280.1	Phlebovirus	2346	Phlebovirus_AEC14280.1
AEC14281.1	Phlebovirus	45437	Phlebovirus_AEC14281.1
AEC50115.1	Phlebovirus	6587	Phlebovirus_AEC50115.1
AEC50117.1	Phlebovirus	56763	Phlebovirus_AEC50117.1
AED98383.1	Phlebovirus	654	Phlebovirus_AED98383.1
AEE25627.1	Phlebovirus	522	Phlebovirus_AEE25627.1
AEF56734.1	Phlebovirus	2346	Phlebovirus_AEF56734.1
AEF79992.1	Phlebovirus	9855	Phlebovirus_AEF79992.1
AEL29646.1	Phlebovirus	1771	Phlebovirus_AEL29646.1
AEL29649.1	Phlebovirus	654	Phlebovirus_AEL29649.1
AEL29654.1	Phlebovirus	2346	Phlebovirus_AEL29654.1
AEL29668.1	Phlebovirus	56763	Phlebovirus_AEL29668.1
AEL29673.1	Phlebovirus	9	Phlebovirus_AEL29673.1
AEL29683.1	Phlebovirus	56763	Phlebovirus_AEL29683.1
AEL29685.1	Phlebovirus	2346	Phlebovirus_AEL29685.1
AEL30316.1	Phlebovirus	654	Phlebovirus_AEL30316.1
AEL30317.1	Phlebovirus	56763	Phlebovirus_AEL30317.1
AEL30318.1	Phlebovirus	56763	Phlebovirus_AEL30318.1
AEL79584.1	Phlebovirus	1771	Phlebovirus_AEL79584.1
AEO51769.1	Phlebovirus	9855	Phlebovirus_AEO51769.1
AEO51773.1	Phlebovirus	45437	Phlebovirus_AEO51773.1
AEY79719.1	Phlebovirus	1771	Phlebovirus_AEY79719.1
AFD98307.1	Phlebovirus	9	Phlebovirus_AFD98307.1
AFH08728.1	Phlebovirus	1771	Phlebovirus_AFH08728.1
AFH08740.1	Phlebovirus	9	Phlebovirus_AFH08740.1
AFI45083.1	Phlebovirus	2346	Phlebovirus_AFI45083.1
AFN26689.1	Phlebovirus	56763	Phlebovirus_AFN26689.1
AFN26693.1	Phlebovirus	234	Phlebovirus_AFN26693.1
AFN26697.1	Phlebovirus	9855	Phlebovirus_AFN26697.1
AFN26701.1	Phlebovirus	9855	Phlebovirus_AFN26701.1
AFN73038.1	Phlebovirus	654	Phlebovirus_AFN73038.1
AFN73042.1	Phlebovirus	9	Phlebovirus_AFN73042.1
AFO66276.1	Phlebovirus	1771	Phlebovirus_AFO66276.1
AGA82737.1	Phlebovirus	1771	Phlebovirus_AGA82737.1
AGB13826.1	Phlebovirus	45437	Phlebovirus_AGB13826.1
AGB13827.1	Phlebovirus	9855	Phlebovirus_AGB13827.1
AGB13828.1	Phlebovirus	9	Phlebovirus_AGB13828.1
AGB13829.1	Phlebovirus	2346	Phlebovirus_AGB13829.1
AGC60103.2	Phlebovirus	1771	Phlebovirus_AGC60103.2
AGH88625.2	Phlebovirus	56763	Phlebovirus_AGH88625.2
AGI97027.1	Phlebovirus	9	Phlebovirus_AGI97027.1
AGI97035.1	Phlebovirus	2346	Phlebovirus_AGI97035.1
AGI97039.1	Phlebovirus	522	Phlebovirus_AGI97039.1
AGI97047.1	Phlebovirus	9855	Phlebovirus_AGI97047.1
AGI97051.1	Phlebovirus	9855	Phlebovirus_AGI97051.1
AGI97055.1	Phlebovirus	522	Phlebovirus_AGI97055.1
AGI97059.1	Phlebovirus	56763	Phlebovirus_AGI97059.1
AGI97071.1	Phlebovirus	6587	Phlebovirus_AGI97071.1
AGI97075.1	Phlebovirus	45437	Phlebovirus_AGI97075.1
AGI97079.1	Phlebovirus	522	Phlebovirus_AGI97079.1
AGI97083.1	Phlebovirus	9	Phlebovirus_AGI97083.1
AGI97087.1	Phlebovirus	2346	Phlebovirus_AGI97087.1
AGI97095.1	Phlebovirus	9855	Phlebovirus_AGI97095.1
AGI97099.1	Phlebovirus	9855	Phlebovirus_AGI97099.1
AGI97103.1	Phlebovirus	9855	Phlebovirus_AGI97103.1
AGI97119.1	Phlebovirus	9855	Phlebovirus_AGI97119.1
AGI97123.1	Phlebovirus	654	Phlebovirus_AGI97123.1
AGI97127.1	Phlebovirus	6587	Phlebovirus_AGI97127.1
AGP51530.1	Phlebovirus	9855	Phlebovirus_AGP51530.1
AHE13863.1	Phlebovirus	1771	Phlebovirus_AHE13863.1
AHE38299.1	Phlebovirus	9855	Phlebovirus_AHE38299.1
AHE38300.1	Phlebovirus	9	Phlebovirus_AHE38300.1
AHE38301.1	Phlebovirus	56763	Phlebovirus_AHE38301.1
AHE38303.1	Phlebovirus	654	Phlebovirus_AHE38303.1
AHE38305.1	Phlebovirus	56763	Phlebovirus_AHE38305.1
AHE38309.1	Phlebovirus	2346	Phlebovirus_AHE38309.1
AHE38310.1	Phlebovirus	654	Phlebovirus_AHE38310.1
AHE38314.1	Phlebovirus	2346	Phlebovirus_AHE38314.1
AHE38315.1	Phlebovirus	1771	Phlebovirus_AHE38315.1
AHE38316.1	Phlebovirus	234	Phlebovirus_AHE38316.1
AHE38318.1	Phlebovirus	9855	Phlebovirus_AHE38318.1
AHE38319.1	Phlebovirus	6587	Phlebovirus_AHE38319.1
AHE38321.1	Phlebovirus	9855	Phlebovirus_AHE38321.1
AHE38322.1	Phlebovirus	654	Phlebovirus_AHE38322.1
AHE38323.1	Phlebovirus	45437	Phlebovirus_AHE38323.1
AHE38324.1	Phlebovirus	45437	Phlebovirus_AHE38324.1
AHE38325.1	Phlebovirus	654	Phlebovirus_AHE38325.1
AHE38326.1	Phlebovirus	56763	Phlebovirus_AHE38326.1
AHE38327.1	Phlebovirus	1771	Phlebovirus_AHE38327.1
AHF71064.1	Phlebovirus	234	Phlebovirus_AHF71064.1
AHF71068.1	Phlebovirus	9	Phlebovirus_AHF71068.1
AHK60945.1	Phlebovirus	654	Phlebovirus_AHK60945.1
AHK60947.1	Phlebovirus	56763	Phlebovirus_AHK60947.1
AID69010.1	Phlebovirus	1771	Phlebovirus_AID69010.1
AID69011.1	Phlebovirus	6587	Phlebovirus_AID69011.1
AID69012.1	Phlebovirus	522	Phlebovirus_AID69012.1
AID69013.1	Phlebovirus	45437	Phlebovirus_AID69013.1
AID69014.1	Phlebovirus	2346	Phlebovirus_AID69014.1
AID69016.1	Phlebovirus	56763	Phlebovirus_AID69016.1
AID69017.1	Phlebovirus	9855	Phlebovirus_AID69017.1
AID69020.1	Phlebovirus	1771	Phlebovirus_AID69020.1
AID69021.1	Phlebovirus	6587	Phlebovirus_AID69021.1
AIE42674.1	Phlebovirus	6587	Phlebovirus_AIE42674.1
AII01799.1	Phlebovirus	2346	Phlebovirus_AII01799.1
AII01803.1	Phlebovirus	2346	Phlebovirus_AII01803.1
AII01807.1	Phlebovirus	56763	Phlebovirus_AII01807.1
AIS25026.1	Phlebovirus	9	Phlebovirus_AIS25026.1
AIU95033.1	Phlebovirus	234	Phlebovirus_AIU95033.1
AIU95041.1	Phlebovirus	2346	Phlebovirus_AIU95041.1
AJB29023.1	Phlebovirus	56763	Phlebovirus_AJB29023.1
AJG39234.1	Phlebovirus	2346	Phlebovirus_AJG39234.1
AJG39235.1	Phlebovirus	1771	Phlebovirus_AJG39235.1
AKF42411.1	Phlebovirus	234	Phlebovirus_AKF42411.1
AKF42412.1	Phlebovirus	45437	Phlebovirus_AKF42412.1
AKF42413.1	Phlebovirus	9	Phlebovirus_AKF42413.1
AKF42414.1	Phlebovirus	9855	Phlebovirus_AKF42414.1
AKF42415.1	Phlebovirus	522	Phlebovirus_AKF42415.1
AKF42417.1	Phlebovirus	2346	Phlebovirus_AKF42417.1
AKF42418.1	Phlebovirus	56763	Phlebovirus_AKF42418.1
AKF42420.1	Phlebovirus	45437	Phlebovirus_AKF42420.1
AKF42421.1	Phlebovirus	234	Phlebovirus_AKF42421.1
AKF42422.1	Phlebovirus	1771	Phlebovirus_AKF42422.1
AKF42423.1	Phlebovirus	56763	Phlebovirus_AKF42423.1
AKF42424.1	Phlebovirus	2346	Phlebovirus_AKF42424.1
ALL45366.1	Phlebovirus	2346	Phlebovirus_ALL45366.1
ALL45372.1	Phlebovirus	9855	Phlebovirus_ALL45372.1
ALP32226.1	Phlebovirus	9855	Phlebovirus_ALP32226.1
ALP32227.1	Phlebovirus	2346	Phlebovirus_ALP32227.1
ALR85718.1	Phlebovirus	9855	Phlebovirus_ALR85718.1
ALS19620.1	Phlebovirus	2346	Phlebovirus_ALS19620.1
ALS19624.1	Phlebovirus	522	Phlebovirus_ALS19624.1
ALS19628.1	Phlebovirus	1771	Phlebovirus_ALS19628.1
ALS88196.1	Phlebovirus	1771	Phlebovirus_ALS88196.1
ALS88200.1	Phlebovirus	2346	Phlebovirus_ALS88200.1
AMD08951.1	Phlebovirus	522	Phlebovirus_AMD08951.1
AMY16461.1	Phlebovirus	6587	Phlebovirus_AMY16461.1
AMY16465.1	Phlebovirus	45437	Phlebovirus_AMY16465.1
AMY16473.1	Phlebovirus	234	Phlebovirus_AMY16473.1
AMY16474.1	Phlebovirus	2346	Phlebovirus_AMY16474.1
AMY16481.1	Phlebovirus	2346	Phlebovirus_AMY16481.1
ANQ47152.1	Phlebovirus	45437	Phlebovirus_ANQ47152.1
AOE46759.1	Phlebovirus	45437	Phlebovirus_AOE46759.1
AOS50855.1	Phlebovirus	654	Phlebovirus_AOS50855.1
API68880.1	Phlebovirus	1771	Phlebovirus_API68880.1
API68884.1	Phlebovirus	9855	Phlebovirus_API68884.1
AQM50990.1	Phlebovirus	9855	Phlebovirus_AQM50990.1
AQM50994.1	Phlebovirus	522	Phlebovirus_AQM50994.1
AQM50998.1	Phlebovirus	9	Phlebovirus_AQM50998.1
AQM51002.1	Phlebovirus	6587	Phlebovirus_AQM51002.1
AQM51006.1	Phlebovirus	6587	Phlebovirus_AQM51006.1
AQM51010.1	Phlebovirus	654	Phlebovirus_AQM51010.1
AQP25634.1	Phlebovirus	45437	Phlebovirus_AQP25634.1
AQZ54708.1	Phlebovirus	2346	Phlebovirus_AQZ54708.1
AQZ54709.1	Phlebovirus	56763	Phlebovirus_AQZ54709.1
AQZ54711.1	Phlebovirus	1771	Phlebovirus_AQZ54711.1
AQZ54712.1	Phlebovirus	56763	Phlebovirus_AQZ54712.1
AQZ54716.1	Phlebovirus	234	Phlebovirus_AQZ54716.1
AQZ54717.1	Phlebovirus	9855	Phlebovirus_AQZ54717.1
AQZ54720.1	Phlebovirus	56763	Phlebovirus_AQZ54720.1
AQZ54721.1	Phlebovirus	9	Phlebovirus_AQZ54721.1
AQZ54722.1	Phlebovirus	6587	Phlebovirus_AQZ54722.1
AQZ54723.1	Phlebovirus	234	Phlebovirus_AQZ54723.1
AQZ54724.1	Phlebovirus	654	Phlebovirus_AQZ54724.1
AQZ54725.1	Phlebovirus	9855	Phlebovirus_AQZ54725.1
AQZ54726.1	Phlebovirus	654	Phlebovirus_AQZ54726.1
AQZ54728.1	Phlebovirus	9855	Phlebovirus_AQZ54728.1
AQZ54729.1	Phlebovirus	45437	Phlebovirus_AQZ54729.1
AQZ54730.1	Phlebovirus	9855	Phlebovirus_AQZ54730.1
AQZ54731.1	Phlebovirus	45437	Phlebovirus_AQZ54731.1
AQZ54732.1	Phlebovirus	9	Phlebovirus_AQZ54732.1
ARD70003.1	Phlebovirus	2346	Phlebovirus_ARD70003.1
ARF07706.1	Phlebovirus	654	Phlebovirus_ARF07706.1
ARW71760.1	Phlebovirus	1771	Phlebovirus_ARW71760.1
ASF20658.1	Phlebovirus	9	Phlebovirus_ASF20658.1
ASF20662.1	Phlebovirus	1771	Phlebovirus_ASF20662.1
ASF20666.1	Phlebovirus	9855	Phlebovirus_ASF20666.1
ASM41892.1	Phlebovirus	6587	Phlebovirus_ASM41892.1
ASM41893.1	Phlebovirus	45437	Phlebovirus_ASM41893.1
ASM41894.1	Phlebovirus	45437	Phlebovirus_ASM41894.1
ASM41895.1	Phlebovirus	2346	Phlebovirus_ASM41895.1
AVG71037.1	Phlebovirus	56763	Phlebovirus_AVG71037.1
AVG71038.1	Phlebovirus	1771	Phlebovirus_AVG71038.1
AVG71039.1	Phlebovirus	45437	Phlebovirus_AVG71039.1
AVG71042.1	Phlebovirus	522	Phlebovirus_AVG71042.1
AVG71043.1	Phlebovirus	234	Phlebovirus_AVG71043.1
AVG71044.1	Phlebovirus	234	Phlebovirus_AVG71044.1
AVG71048.1	Phlebovirus	9855	Phlebovirus_AVG71048.1
AVG71049.1	Phlebovirus	9855	Phlebovirus_AVG71049.1
AVG71051.1	Phlebovirus	654	Phlebovirus_AVG71051.1
AVG71054.1	Phlebovirus	2346	Phlebovirus_AVG71054.1
AWH61706.1	Phlebovirus	6587	Phlebovirus_AWH61706.1
AWK68111.1	Phlebovirus	9	Phlebovirus_AWK68111.1
AWK68113.1	Phlebovirus	234	Phlebovirus_AWK68113.1
AYA44426.1	Phlebovirus	9855	Phlebovirus_AYA44426.1
AYA44430.1	Phlebovirus	45437	Phlebovirus_AYA44430.1
AYA44433.1	Phlebovirus	654	Phlebovirus_AYA44433.1
AYA44434.1	Phlebovirus	654	Phlebovirus_AYA44434.1
AYA44437.1	Phlebovirus	6587	Phlebovirus_AYA44437.1
AYA44438.1	Phlebovirus	1771	Phlebovirus_AYA44438.1
AYA44439.1	Phlebovirus	9855	Phlebovirus_AYA44439.1
AYA44442.1	Phlebovirus	522	Phlebovirus_AYA44442.1
AYA44449.1	Phlebovirus	1771	Phlebovirus_AYA44449.1
AYA44453.1	Phlebovirus	1771	Phlebovirus_AYA44453.1
AYA44454.1	Phlebovirus	522	Phlebovirus_AYA44454.1
AYA44457.1	Phlebovirus	9	Phlebovirus_AYA44457.1
AYA44460.1	Phlebovirus	9855	Phlebovirus_AYA44460.1
AYA44464.1	Phlebovirus	6587	Phlebovirus_AYA44464.1
AYA44465.1	Phlebovirus	9	Phlebovirus_AYA44465.1
AYA44467.1	Phlebovirus	522	Phlebovirus_AYA44467.1
AYA44474.1	Phlebovirus	1771	Phlebovirus_AYA44474.1
AYA44482.1	Phlebovirus	654	Phlebovirus_AYA44482.1
AYA44484.1	Phlebovirus	654	Phlebovirus_AYA44484.1
AYA44493.1	Phlebovirus	522	Phlebovirus_AYA44493.1
AYA44497.1	Phlebovirus	234	Phlebovirus_AYA44497.1
AYA44499.1	Phlebovirus	522	Phlebovirus_AYA44499.1
AYA44501.1	Phlebovirus	6587	Phlebovirus_AYA44501.1
AYA44505.1	Phlebovirus	6587	Phlebovirus_AYA44505.1
AYA44506.1	Phlebovirus	522	Phlebovirus_AYA44506.1
AYA44507.1	Phlebovirus	6587	Phlebovirus_AYA44507.1
AYA44508.1	Phlebovirus	2346	Phlebovirus_AYA44508.1
AYA44509.1	Phlebovirus	9	Phlebovirus_AYA44509.1
AYA44511.1	Phlebovirus	234	Phlebovirus_AYA44511.1
AYA58155.1	Phlebovirus	2346	Phlebovirus_AYA58155.1
AYA58157.1	Phlebovirus	654	Phlebovirus_AYA58157.1
AYK02310.1	Phlebovirus	234	Phlebovirus_AYK02310.1
AYK02315.1	Phlebovirus	9855	Phlebovirus_AYK02315.1
AYK02321.1	Phlebovirus	522	Phlebovirus_AYK02321.1
AYK02325.1	Phlebovirus	45437	Phlebovirus_AYK02325.1
AYK02329.1	Phlebovirus	45437	Phlebovirus_AYK02329.1
BBK20268.1	Phlebovirus	2346	Phlebovirus_BBK20268.1
BCL40394.1	Phlebovirus	9	Phlebovirus_BCL40394.1
CAG7465164.1	Phlebovirus	56763	Phlebovirus_CAG7465164.1
CCG28445.1	Phlebovirus	6587	Phlebovirus_CCG28445.1
CCG28446.1	Phlebovirus	234	Phlebovirus_CCG28446.1
I0DF35.1	Phlebovirus	9	Phlebovirus_I0DF35.1
NP_941973.1	Phlebovirus	45437	Phlebovirus_NP_941973.1
P27316.1	Phlebovirus	45437	Phlebovirus_P27316.1
QAX24670.1	Phlebovirus	9	Phlebovirus_QAX24670.1
QAX24671.1	Phlebovirus	522	Phlebovirus_QAX24671.1
QAX24672.1	Phlebovirus	522	Phlebovirus_QAX24672.1
QBH70231.1	Phlebovirus	6587	Phlebovirus_QBH70231.1
QBQ01759.1	Phlebovirus	6587	Phlebovirus_QBQ01759.1
QBQ01764.1	Phlebovirus	56763	Phlebovirus_QBQ01764.1
QBQ64919.1	Phlebovirus	2346	Phlebovirus_QBQ64919.1
QBQ64920.1	Phlebovirus	1771	Phlebovirus_QBQ64920.1
QBQ64947.1	Phlebovirus	654	Phlebovirus_QBQ64947.1
QCB64646.1	Phlebovirus	6587	Phlebovirus_QCB64646.1
QCI62741.1	Phlebovirus	56763	Phlebovirus_QCI62741.1
QDF45211.1	Phlebovirus	1771	Phlebovirus_QDF45211.1
QDF82060.1	Phlebovirus	6587	Phlebovirus_QDF82060.1
QDG00375.1	Phlebovirus	6587	Phlebovirus_QDG00375.1
QDW81038.1	Phlebovirus	234	Phlebovirus_QDW81038.1
QDW81040.1	Phlebovirus	234	Phlebovirus_QDW81040.1
QDZ59838.1	Phlebovirus	654	Phlebovirus_QDZ59838.1
QDZ59839.1	Phlebovirus	654	Phlebovirus_QDZ59839.1
QDZ59840.1	Phlebovirus	45437	Phlebovirus_QDZ59840.1
QGW35648.1	Phlebovirus	6587	Phlebovirus_QGW35648.1
QIQ30941.1	Phlebovirus	654	Phlebovirus_QIQ30941.1
QJQ29391.1	Phlebovirus	1771	Phlebovirus_QJQ29391.1
QLJ58309.1	Phlebovirus	45437	Phlebovirus_QLJ58309.1
QNJ99600.1	Phlebovirus	56763	Phlebovirus_QNJ99600.1
QNJ99604.1	Phlebovirus	9855	Phlebovirus_QNJ99604.1
QNJ99608.1	Phlebovirus	522	Phlebovirus_QNJ99608.1
QNJ99612.1	Phlebovirus	9	Phlebovirus_QNJ99612.1
QNJ99618.1	Phlebovirus	522	Phlebovirus_QNJ99618.1
QPD01621.1	Phlebovirus	2346	Phlebovirus_QPD01621.1
QPD01632.1	Phlebovirus	9855	Phlebovirus_QPD01632.1
QPD01634.1	Phlebovirus	6587	Phlebovirus_QPD01634.1
QQG64115.1	Phlebovirus	9855	Phlebovirus_QQG64115.1
QRV11536.1	Phlebovirus	6587	Phlebovirus_QRV11536.1
QSM35363.1	Phlebovirus	1771	Phlebovirus_QSM35363.1
QSR83608.1	Phlebovirus	56763	Phlebovirus_QSR83608.1
QSR83609.1	Phlebovirus	9	Phlebovirus_QSR83609.1
QSR83610.1	Phlebovirus	2346	Phlebovirus_QSR83610.1
QSR83611.1	Phlebovirus	6587	Phlebovirus_QSR83611.1
QUE40315.1	Phlebovirus	654	Phlebovirus_QUE40315.1
QUE40316.1	Phlebovirus	1771	Phlebovirus_QUE40316.1
QUJ17983.1	Phlebovirus	522	Phlebovirus_QUJ17983.1
QUJ17985.1	Phlebovirus	9855	Phlebovirus_QUJ17985.1
QUJ17987.1	Phlebovirus	522	Phlebovirus_QUJ17987.1
QUJ17988.1	Phlebovirus	9	Phlebovirus_QUJ17988.1
QUN00675.1	Phlebovirus	6587	Phlebovirus_QUN00675.1
QVG74815.1	Phlebovirus	9855	Phlebovirus_QVG74815.1
QWF08347.1	Phlebovirus	522	Phlebovirus_QWF08347.1
QYC55273.1	Phlebovirus	9	Phlebovirus_QYC55273.1
QYC55277.1	Phlebovirus	234	Phlebovirus_QYC55277.1
QYW06777.1	Phlebovirus	654	Phlebovirus_QYW06777.1
QYW06779.1	Phlebovirus	654	Phlebovirus_QYW06779.1
QZB49256.1	Phlebovirus	1771	Phlebovirus_QZB49256.1
ULT85600.1	Phlebovirus	2346	Phlebovirus_ULT85600.1
UQR79002.2	Phlebovirus	1771	Phlebovirus_UQR79002.2
URY50689.1	Phlebovirus	9855	Phlebovirus_URY50689.1
URY50691.1	Phlebovirus	2346	Phlebovirus_URY50691.1
URZ29348.1	Phlebovirus	2346	Phlebovirus_URZ29348.1
URZ29352.1	Phlebovirus	6587	Phlebovirus_URZ29352.1
USZ80665.1	Phlebovirus	6587	Phlebovirus_USZ80665.1
UTH39002.1	Phlebovirus	654	Phlebovirus_UTH39002.1
UUT07167.1	Phlebovirus	2346	Phlebovirus_UUT07167.1
UUT42639.1	Phlebovirus	9855	Phlebovirus_UUT42639.1
UWX36893.1	Phlebovirus	234	Phlebovirus_UWX36893.1
UXL90845.1	Phlebovirus	6587	Phlebovirus_UXL90845.1
UXL90846.1	Phlebovirus	522	Phlebovirus_UXL90846.1
UXL90847.1	Phlebovirus	56763	Phlebovirus_UXL90847.1
UXL90848.1	Phlebovirus	9	Phlebovirus_UXL90848.1
UXL90849.1	Phlebovirus	2346	Phlebovirus_UXL90849.1
UXL90850.1	Phlebovirus	2346	Phlebovirus_UXL90850.1
UXL90855.1	Phlebovirus	1771	Phlebovirus_UXL90855.1
UXL90863.1	Phlebovirus	9855	Phlebovirus_UXL90863.1
UXX19129.1	Phlebovirus	234	Phlebovirus_UXX19129.1
UXX19130.1	Phlebovirus	1771	Phlebovirus_UXX19130.1
UXX19131.1	Phlebovirus	9	Phlebovirus_UXX19131.1
UXX19133.1	Phlebovirus	522	Phlebovirus_UXX19133.1
UXX19134.1	Phlebovirus	45437	Phlebovirus_UXX19134.1
UXX19135.1	Phlebovirus	6587	Phlebovirus_UXX19135.1
UXX19136.1	Phlebovirus	45437	Phlebovirus_UXX19136.1
UXX19137.1	Phlebovirus	1771	Phlebovirus_UXX19137.1
UXX19140.1	Phlebovirus	654	Phlebovirus_UXX19140.1
UXX19141.1	Phlebovirus	522	Phlebovirus_UXX19141.1
UXX19142.1	Phlebovirus	1771	Phlebovirus_UXX19142.1
UXX19143.1	Phlebovirus	2346	Phlebovirus_UXX19143.1
UXX19144.1	Phlebovirus	6587	Phlebovirus_UXX19144.1
UXX19145.1	Phlebovirus	6587	Phlebovirus_UXX19145.1
UXX19146.1	Phlebovirus	45437	Phlebovirus_UXX19146.1
UXX19147.1	Phlebovirus	2346	Phlebovirus_UXX19147.1
UXX19148.1	Phlebovirus	522	Phlebovirus_UXX19148.1
UZP65081.1	Phlebovirus	56763	Phlebovirus_UZP65081.1
UZT51820.1	Phlebovirus	654	Phlebovirus_UZT51820.1
UZU83889.1	Phlebovirus	522	Phlebovirus_UZU83889.1
WAD86913.1	Phlebovirus	9855	Phlebovirus_WAD86913.1
WAD86921.1	Phlebovirus	56763	Phlebovirus_WAD86921.1
WAK75649.1	Phlebovirus	2346	Phlebovirus_WAK75649.1
WAK75651.1	Phlebovirus	9	Phlebovirus_WAK75651.1
WAK75652.1	Phlebovirus	9	Phlebovirus_WAK75652.1
WAK75658.1	Phlebovirus	9855	Phlebovirus_WAK75658.1
WAK75659.1	Phlebovirus	654	Phlebovirus_WAK75659.1
WAK75660.1	Phlebovirus	9	Phlebovirus_WAK75660.1
WAK75677.1	Phlebovirus	234	Phlebovirus_WAK75677.1
WAK75679.1	Phlebovirus	2346	Phlebovirus_WAK75679.1
WAK75680.1	Phlebovirus	234	Phlebovirus_WAK75680.1
WAK75681.1	Phlebovirus	234	Phlebovirus_WAK75681.1
WAK75682.1	Phlebovirus	234	Phlebovirus_WAK75682.1
WAK75683.1	Phlebovirus	2346	Phlebovirus_WAK75683.1
WAK75684.1	Phlebovirus	234	Phlebovirus_WAK75684.1
WAK75697.1	Phlebovirus	1771	Phlebovirus_WAK75697.1
WAK75698.1	Phlebovirus	1771	Phlebovirus_WAK75698.1
WAK75699.1	Phlebovirus	234	Phlebovirus_WAK75699.1
WAK75700.1	Phlebovirus	1771	Phlebovirus_WAK75700.1
WAK75701.1	Phlebovirus	234	Phlebovirus_WAK75701.1
WAK75702.1	Phlebovirus	9855	Phlebovirus_WAK75702.1
WAK75703.1	Phlebovirus	1771	Phlebovirus_WAK75703.1
WAK75704.1	Phlebovirus	1771	Phlebovirus_WAK75704.1
WAK75705.1	Phlebovirus	9855	Phlebovirus_WAK75705.1
WAK75712.1	Phlebovirus	654	Phlebovirus_WAK75712.1
WAK75713.1	Phlebovirus	45437	Phlebovirus_WAK75713.1
WAK75724.1	Phlebovirus	654	Phlebovirus_WAK75724.1
WAK75726.1	Phlebovirus	6587	Phlebovirus_WAK75726.1
WAK75728.1	Phlebovirus	9	Phlebovirus_WAK75728.1
WAK75729.1	Phlebovirus	2346	Phlebovirus_WAK75729.1
WAK75738.1	Phlebovirus	6587	Phlebovirus_WAK75738.1
WAK75753.1	Phlebovirus	56763	Phlebovirus_WAK75753.1
WAK75755.1	Phlebovirus	234	Phlebovirus_WAK75755.1
WAK75756.1	Phlebovirus	45437	Phlebovirus_WAK75756.1
WAK75757.1	Phlebovirus	2346	Phlebovirus_WAK75757.1
WAK75760.1	Phlebovirus	1771	Phlebovirus_WAK75760.1
WAK75761.1	Phlebovirus	1771	Phlebovirus_WAK75761.1
WAK75762.1	Phlebovirus	522	Phlebovirus_WAK75762.1
WAK75763.1	Phlebovirus	6587	Phlebovirus_WAK75763.1
WAK75777.1	Phlebovirus	654	Phlebovirus_WAK75777.1
WAK75779.1	Phlebovirus	234	Phlebovirus_WAK75779.1
WAK75781.1	Phlebovirus	654	Phlebovirus_WAK75781.1
WAK75782.1	Phlebovirus	9	Phlebovirus_WAK75782.1
WAK75783.1	Phlebovirus	654	Phlebovirus_WAK75783.1
WAK75784.1	Phlebovirus	9	Phlebovirus_WAK75784.1
WAK75785.1	Phlebovirus	56763	Phlebovirus_WAK75785.1
WAK75786.1	Phlebovirus	2346	Phlebovirus_WAK75786.1
WAK75787.1	Phlebovirus	45437	Phlebovirus_WAK75787.1
WAK75788.1	Phlebovirus	654	Phlebovirus_WAK75788.1
WAK75789.1	Phlebovirus	654	Phlebovirus_WAK75789.1
WAK75794.1	Phlebovirus	9855	Phlebovirus_WAK75794.1
WAK75795.1	Phlebovirus	234	Phlebovirus_WAK75795.1
WAK75796.1	Phlebovirus	654	Phlebovirus_WAK75796.1
WAK76722.1	Phlebovirus	9	Phlebovirus_WAK76722.1
WAK76723.1	Phlebovirus	6587	Phlebovirus_WAK76723.1
WAK76724.1	Phlebovirus	6587	Phlebovirus_WAK76724.1
WAK76726.1	Phlebovirus	654	Phlebovirus_WAK76726.1
WAK76727.1	Phlebovirus	9855	Phlebovirus_WAK76727.1
WAK76728.1	Phlebovirus	522	Phlebovirus_WAK76728.1
WAK76729.1	Phlebovirus	9	Phlebovirus_WAK76729.1
WAK76730.1	Phlebovirus	56763	Phlebovirus_WAK76730.1
WAK76731.1	Phlebovirus	45437	Phlebovirus_WAK76731.1
WAK76732.1	Phlebovirus	6587	Phlebovirus_WAK76732.1
WAK76733.1	Phlebovirus	6587	Phlebovirus_WAK76733.1
WAK76734.1	Phlebovirus	45437	Phlebovirus_WAK76734.1
WAK76735.1	Phlebovirus	9	Phlebovirus_WAK76735.1
WAK76736.1	Phlebovirus	45437	Phlebovirus_WAK76736.1
WAK76737.1	Phlebovirus	2346	Phlebovirus_WAK76737.1
WAK76738.1	Phlebovirus	56763	Phlebovirus_WAK76738.1
WAK76739.1	Phlebovirus	45437	Phlebovirus_WAK76739.1
WAK76740.1	Phlebovirus	45437	Phlebovirus_WAK76740.1
WAK76741.1	Phlebovirus	654	Phlebovirus_WAK76741.1
WAK76742.1	Phlebovirus	522	Phlebovirus_WAK76742.1
WAK76743.1	Phlebovirus	2346	Phlebovirus_WAK76743.1
WAK76744.1	Phlebovirus	1771	Phlebovirus_WAK76744.1
WAK76745.1	Phlebovirus	45437	Phlebovirus_WAK76745.1
WAK76746.1	Phlebovirus	56763	Phlebovirus_WAK76746.1
WAK76747.1	Phlebovirus	654	Phlebovirus_WAK76747.1
WAK76748.1	Phlebovirus	45437	Phlebovirus_WAK76748.1
WAK76749.1	Phlebovirus	56763	Phlebovirus_WAK76749.1
WAK76750.1	Phlebovirus	234	Phlebovirus_WAK76750.1
WAK76751.1	Phlebovirus	45437	Phlebovirus_WAK76751.1
WAK76752.1	Phlebovirus	9	Phlebovirus_WAK76752.1
WAK76753.1	Phlebovirus	522	Phlebovirus_WAK76753.1
WAK76754.1	Phlebovirus	522	Phlebovirus_WAK76754.1
WAK76755.1	Phlebovirus	1771	Phlebovirus_WAK76755.1
WAK76756.1	Phlebovirus	6587	Phlebovirus_WAK76756.1
WAK76757.1	Phlebovirus	522	Phlebovirus_WAK76757.1
WAK76758.1	Phlebovirus	2346	Phlebovirus_WAK76758.1
WAK76759.1	Phlebovirus	234	Phlebovirus_WAK76759.1
WAK76774.1	Phlebovirus	56763	Phlebovirus_WAK76774.1
WAK76775.1	Phlebovirus	2346	Phlebovirus_WAK76775.1
WAK76776.1	Phlebovirus	1771	Phlebovirus_WAK76776.1
WAK76777.1	Phlebovirus	45437	Phlebovirus_WAK76777.1
WAK76778.1	Phlebovirus	654	Phlebovirus_WAK76778.1
WAK76780.1	Phlebovirus	522	Phlebovirus_WAK76780.1
WAK76781.1	Phlebovirus	9	Phlebovirus_WAK76781.1
WAK76782.1	Phlebovirus	6587	Phlebovirus_WAK76782.1
WAQ68332.1	Phlebovirus	9	Phlebovirus_WAQ68332.1
WAQ68336.1	Phlebovirus	45437	Phlebovirus_WAQ68336.1
WAQ68338.1	Phlebovirus	9855	Phlebovirus_WAQ68338.1
WAW38363.1	Phlebovirus	45437	Phlebovirus_WAW38363.1
YP_003848704.1	Phlebovirus	9855	Phlebovirus_YP_003848704.1
YP_004347993.1	Phlebovirus	56763	Phlebovirus_YP_004347993.1
YP_004382743.1	Phlebovirus	2346	Phlebovirus_YP_004382743.1
YP_004414703.1	Phlebovirus	522	Phlebovirus_YP_004414703.1
YP_006504091.1	Phlebovirus	234	Phlebovirus_YP_006504091.1
YP_009010958.1	Phlebovirus	9855	Phlebovirus_YP_009010958.1
YP_009224693.1	Phlebovirus	6587	Phlebovirus_YP_009224693.1
YP_009227127.1	Phlebovirus	2346	Phlebovirus_YP_009227127.1
YP_009246413.1	Phlebovirus	234	Phlebovirus_YP_009246413.1
YP_009246447.1	Phlebovirus	6587	Phlebovirus_YP_009246447.1
YP_009293590.1	Phlebovirus	6587	Phlebovirus_YP_009293590.1
YP_009346010.1	Phlebovirus	45437	Phlebovirus_YP_009346010.1
YP_009346019.1	Phlebovirus	2346	Phlebovirus_YP_009346019.1
YP_009346026.1	Phlebovirus	56763	Phlebovirus_YP_009346026.1
YP_009346030.1	Phlebovirus	56763	Phlebovirus_YP_009346030.1
YP_009346035.1	Phlebovirus	6587	Phlebovirus_YP_009346035.1
YP_009346036.1	Phlebovirus	9855	Phlebovirus_YP_009346036.1
YP_009380501.1	Phlebovirus	522	Phlebovirus_YP_009380501.1
YP_009512941.1	Phlebovirus	654	Phlebovirus_YP_009512941.1
YP_009666332.1	Phlebovirus	6587	Phlebovirus_YP_009666332.1
YP_010086058.1	Phlebovirus	56763	Phlebovirus_YP_010086058.1
YP_010086070.1	Phlebovirus	2346	Phlebovirus_YP_010086070.1
YP_010086071.1	Phlebovirus	6587	Phlebovirus_YP_010086071.1
YP_010086074.1	Phlebovirus	9	Phlebovirus_YP_010086074.1
YP_010086077.1	Phlebovirus	654	Phlebovirus_YP_010086077.1
YP_010086084.1	Phlebovirus	45437	Phlebovirus_YP_010086084.1
YP_010086085.1	Phlebovirus	9855	Phlebovirus_YP_010086085.1
YP_010086091.1	Phlebovirus	522	Phlebovirus_YP_010086091.1
YP_010086093.1	Phlebovirus	9855	Phlebovirus_YP_010086093.1
YP_010086098.1	Phlebovirus	2346	Phlebovirus_YP_010086098.1
YP_010086101.1	Phlebovirus	654	Phlebovirus_YP_010086101.1
YP_010086105.1	Phlebovirus	56763	Phlebovirus_YP_010086105.1
YP_010086117.1	Phlebovirus	56763	Phlebovirus_YP_010086117.1
YP_010086124.1	Phlebovirus	522	Phlebovirus_YP_010086124.1
YP_010086125.1	Phlebovirus	9855	Phlebovirus_YP_010086125.1
YP_010086140.1	Phlebovirus	2346	Phlebovirus_YP_010086140.1
YP_010086144.1	Phlebovirus	654	Phlebovirus_YP_010086144.1
YP_010086148.1	Phlebovirus	9	Phlebovirus_YP_010086148.1
YP_010086163.1	Phlebovirus	234	Phlebovirus_YP_010086163.1
YP_010086170.1	Phlebovirus	9	Phlebovirus_YP_010086170.1
YP_010086174.1	Phlebovirus	9	Phlebovirus_YP_010086174.1
YP_010086176.1	Phlebovirus	2346	Phlebovirus_YP_010086176.1
YP_010086182.1	Phlebovirus	522	Phlebovirus_YP_010086182.1
YP_010086191.1	Phlebovirus	234	Phlebovirus_YP_010086191.1
YP_010086195.1	Phlebovirus	1771	Phlebovirus_YP_010086195.1
YP_010086199.1	Phlebovirus	654	Phlebovirus_YP_010086199.1
YP_010086206.1	Phlebovirus	2346	Phlebovirus_YP_010086206.1
YP_010086215.1	Phlebovirus	2346	Phlebovirus_YP_010086215.1
YP_010086222.1	Phlebovirus	45437	Phlebovirus_YP_010086222.1
YP_010086223.1	Phlebovirus	2346	Phlebovirus_YP_010086223.1
YP_010086244.1	Phlebovirus	654	Phlebovirus_YP_010086244.1
YP_089669.1	Phlebovirus	9	Phlebovirus_YP_089669.1
YP_009666272.1	Pidchovirus	654	Pidchovirus_YP_009666272.1
AWC67514.1	Rubodvirus	2346	Rubodvirus_AWC67514.1
AWC67516.1	Rubodvirus	9855	Rubodvirus_AWC67516.1
AWC67519.1	Rubodvirus	1771	Rubodvirus_AWC67519.1
AWC67522.1	Rubodvirus	56763	Rubodvirus_AWC67522.1
AWC67530.1	Rubodvirus	1771	Rubodvirus_AWC67530.1
QDK54394.1	Rubodvirus	6587	Rubodvirus_QDK54394.1
QDK54397.1	Rubodvirus	1771	Rubodvirus_QDK54397.1
QDZ17039.1	Rubodvirus	56763	Rubodvirus_QDZ17039.1
QDZ17042.1	Rubodvirus	56763	Rubodvirus_QDZ17042.1
QKK36119.2	Rubodvirus	654	Rubodvirus_QKK36119.2
QSC42544.1	Rubodvirus	234	Rubodvirus_QSC42544.1
QSC42548.1	Rubodvirus	234	Rubodvirus_QSC42548.1
QSQ01660.1	Rubodvirus	2346	Rubodvirus_QSQ01660.1
QUV77595.1	Rubodvirus	654	Rubodvirus_QUV77595.1
QZW25192.1	Rubodvirus	234	Rubodvirus_QZW25192.1
UDN65941.1	Rubodvirus	1771	Rubodvirus_UDN65941.1
UOA05151.1	Rubodvirus	2346	Rubodvirus_UOA05151.1
UOA05154.1	Rubodvirus	9	Rubodvirus_UOA05154.1
UUI77343.1	Rubodvirus	522	Rubodvirus_UUI77343.1
WBB27573.1	Rubodvirus	6587	Rubodvirus_WBB27573.1
YP_010086183.1	Rubodvirus	6587	Rubodvirus_YP_010086183.1
YP_010087315.1	Rubodvirus	234	Rubodvirus_YP_010087315.1
AAO31604.1	Tenuivirus	45437	Tenuivirus_AAO31604.1
AAO31605.1	Tenuivirus	56763	Tenuivirus_AAO31605.1
ABC68333.1	Tenuivirus	1771	Tenuivirus_ABC68333.1
ABM65843.1	Tenuivirus	522	Tenuivirus_ABM65843.1
ACG58322.1	Tenuivirus	522	Tenuivirus_ACG58322.1
ACG58329.1	Tenuivirus	522	Tenuivirus_ACG58329.1
ACG58336.1	Tenuivirus	45437	Tenuivirus_ACG58336.1
ACG58343.1	Tenuivirus	1771	Tenuivirus_ACG58343.1
ACG58350.1	Tenuivirus	9855	Tenuivirus_ACG58350.1
ACG58357.1	Tenuivirus	234	Tenuivirus_ACG58357.1
ACG58371.1	Tenuivirus	1771	Tenuivirus_ACG58371.1
ADE60693.1	Tenuivirus	522	Tenuivirus_ADE60693.1
ADE60694.1	Tenuivirus	9	Tenuivirus_ADE60694.1
ADE60695.1	Tenuivirus	6587	Tenuivirus_ADE60695.1
ADE60696.1	Tenuivirus	6587	Tenuivirus_ADE60696.1
ADE60697.1	Tenuivirus	45437	Tenuivirus_ADE60697.1
ADE60698.1	Tenuivirus	654	Tenuivirus_ADE60698.1
ADE60699.1	Tenuivirus	234	Tenuivirus_ADE60699.1
ADE60700.1	Tenuivirus	234	Tenuivirus_ADE60700.1
ADE60701.1	Tenuivirus	9855	Tenuivirus_ADE60701.1
ADE60702.1	Tenuivirus	45437	Tenuivirus_ADE60702.1
ADE60703.1	Tenuivirus	45437	Tenuivirus_ADE60703.1
ADE60704.1	Tenuivirus	9	Tenuivirus_ADE60704.1
ADE60705.1	Tenuivirus	234	Tenuivirus_ADE60705.1
AEF56735.1	Tenuivirus	1771	Tenuivirus_AEF56735.1
AFM93792.1	Tenuivirus	234	Tenuivirus_AFM93792.1
AFM93799.1	Tenuivirus	9855	Tenuivirus_AFM93799.1
AFM93806.1	Tenuivirus	9855	Tenuivirus_AFM93806.1
AFM93813.1	Tenuivirus	9	Tenuivirus_AFM93813.1
AFM93820.1	Tenuivirus	234	Tenuivirus_AFM93820.1
AFM93827.1	Tenuivirus	2346	Tenuivirus_AFM93827.1
ASA47670.1	Tenuivirus	1771	Tenuivirus_ASA47670.1
AVR43324.1	Tenuivirus	234	Tenuivirus_AVR43324.1
AWN09230.1	Tenuivirus	9	Tenuivirus_AWN09230.1
NP_058528.1	Tenuivirus	654	Tenuivirus_NP_058528.1
NP_620522.1	Tenuivirus	234	Tenuivirus_NP_620522.1
QBH74603.1	Tenuivirus	654	Tenuivirus_QBH74603.1
QIK03944.1	Tenuivirus	2346	Tenuivirus_QIK03944.1
QRV07279.1	Tenuivirus	9855	Tenuivirus_QRV07279.1
QWK51329.1	Tenuivirus	9	Tenuivirus_QWK51329.1
QWQ49838.1	Tenuivirus	2346	Tenuivirus_QWQ49838.1
QXN57534.1	Tenuivirus	234	Tenuivirus_QXN57534.1
QXN57535.1	Tenuivirus	6587	Tenuivirus_QXN57535.1
QXN57536.1	Tenuivirus	1771	Tenuivirus_QXN57536.1
QXN57537.1	Tenuivirus	9	Tenuivirus_QXN57537.1
QXN57538.1	Tenuivirus	2346	Tenuivirus_QXN57538.1
QXN57539.1	Tenuivirus	56763	Tenuivirus_QXN57539.1
QXN57540.1	Tenuivirus	56763	Tenuivirus_QXN57540.1
QXN57541.1	Tenuivirus	9	Tenuivirus_QXN57541.1
QXN57542.1	Tenuivirus	2346	Tenuivirus_QXN57542.1
QXN57543.1	Tenuivirus	9	Tenuivirus_QXN57543.1
QYU75372.1	Tenuivirus	6587	Tenuivirus_QYU75372.1
QYU75386.1	Tenuivirus	9855	Tenuivirus_QYU75386.1
QZU27238.1	Tenuivirus	2346	Tenuivirus_QZU27238.1
UNA06592.1	Tenuivirus	9	Tenuivirus_UNA06592.1
UOX74344.1	Tenuivirus	56763	Tenuivirus_UOX74344.1
URC17560.1	Tenuivirus	522	Tenuivirus_URC17560.1
URC17561.1	Tenuivirus	9855	Tenuivirus_URC17561.1
YP_009449440.1	Tenuivirus	9	Tenuivirus_YP_009449440.1
YP_009551587.1	Tenuivirus	234	Tenuivirus_YP_009551587.1
AHG54008.1	Uukuvirus	234	Uukuvirus_AHG54008.1
AHG54012.1	Uukuvirus	45437	Uukuvirus_AHG54012.1
AII79368.1	Uukuvirus	522	Uukuvirus_AII79368.1
AII79369.1	Uukuvirus	1771	Uukuvirus_AII79369.1
AIU95037.1	Uukuvirus	654	Uukuvirus_AIU95037.1
AIU95041.1	Uukuvirus	234	Uukuvirus_AIU95041.1
AJG39236.1	Uukuvirus	234	Uukuvirus_AJG39236.1
AWK68110.1	Uukuvirus	234	Uukuvirus_AWK68110.1
AYV61039.1	Uukuvirus	45437	Uukuvirus_AYV61039.1
AYV61041.1	Uukuvirus	2346	Uukuvirus_AYV61041.1
BBK20264.1	Uukuvirus	2346	Uukuvirus_BBK20264.1
BCT55140.1	Uukuvirus	45437	Uukuvirus_BCT55140.1
NP_941973.1	Uukuvirus	234	Uukuvirus_NP_941973.1
QCF29627.1	Uukuvirus	56763	Uukuvirus_QCF29627.1
QDF45276.1	Uukuvirus	9	Uukuvirus_QDF45276.1
QDW81042.1	Uukuvirus	654	Uukuvirus_QDW81042.1
QFR36185.1	Uukuvirus	9	Uukuvirus_QFR36185.1
QGW51120.1	Uukuvirus	45437	Uukuvirus_QGW51120.1
QIP68202.1	Uukuvirus	56763	Uukuvirus_QIP68202.1
QJX60174.1	Uukuvirus	234	Uukuvirus_QJX60174.1
QNM38107.1	Uukuvirus	9855	Uukuvirus_QNM38107.1
QOW38074.1	Uukuvirus	9855	Uukuvirus_QOW38074.1
QTE18639.1	Uukuvirus	234	Uukuvirus_QTE18639.1
QUJ18000.1	Uukuvirus	2346	Uukuvirus_QUJ18000.1
QUJ18002.1	Uukuvirus	9855	Uukuvirus_QUJ18002.1
QUJ18005.1	Uukuvirus	654	Uukuvirus_QUJ18005.1
QUJ18007.1	Uukuvirus	234	Uukuvirus_QUJ18007.1
UGM45808.1	Uukuvirus	45437	Uukuvirus_UGM45808.1
UGM45809.1	Uukuvirus	234	Uukuvirus_UGM45809.1
UGM45820.1	Uukuvirus	2346	Uukuvirus_UGM45820.1
UGM45821.1	Uukuvirus	9	Uukuvirus_UGM45821.1
UGM46040.1	Uukuvirus	1771	Uukuvirus_UGM46040.1
UGM46041.1	Uukuvirus	6587	Uukuvirus_UGM46041.1
UGM46042.1	Uukuvirus	2346	Uukuvirus_UGM46042.1
UGM46043.1	Uukuvirus	2346	Uukuvirus_UGM46043.1
UGM46045.1	Uukuvirus	56763	Uukuvirus_UGM46045.1
UGM46046.1	Uukuvirus	9	Uukuvirus_UGM46046.1
UGM46048.1	Uukuvirus	9	Uukuvirus_UGM46048.1
UGM46050.1	Uukuvirus	9	Uukuvirus_UGM46050.1
UGM46051.1	Uukuvirus	56763	Uukuvirus_UGM46051.1
UGM46067.1	Uukuvirus	6587	Uukuvirus_UGM46067.1
UGM46069.1	Uukuvirus	2346	Uukuvirus_UGM46069.1
UGM46071.1	Uukuvirus	6587	Uukuvirus_UGM46071.1
UGM46072.1	Uukuvirus	45437	Uukuvirus_UGM46072.1
UPI48761.1	Uukuvirus	234	Uukuvirus_UPI48761.1
UPI48762.1	Uukuvirus	9855	Uukuvirus_UPI48762.1
UPI48763.1	Uukuvirus	9855	Uukuvirus_UPI48763.1
UPI48764.1	Uukuvirus	45437	Uukuvirus_UPI48764.1
UPI48765.1	Uukuvirus	45437	Uukuvirus_UPI48765.1
UPI48766.1	Uukuvirus	56763	Uukuvirus_UPI48766.1
UPI48767.1	Uukuvirus	9855	Uukuvirus_UPI48767.1
UPI48768.1	Uukuvirus	56763	Uukuvirus_UPI48768.1
UPI48769.1	Uukuvirus	56763	Uukuvirus_UPI48769.1
UPI48770.1	Uukuvirus	9	Uukuvirus_UPI48770.1
UPI48771.1	Uukuvirus	2346	Uukuvirus_UPI48771.1
UPI48772.1	Uukuvirus	1771	Uukuvirus_UPI48772.1
UPI48773.1	Uukuvirus	56763	Uukuvirus_UPI48773.1
UPI48774.1	Uukuvirus	6587	Uukuvirus_UPI48774.1
UPI48775.1	Uukuvirus	2346	Uukuvirus_UPI48775.1
UPI48776.1	Uukuvirus	45437	Uukuvirus_UPI48776.1
UPI48777.1	Uukuvirus	9	Uukuvirus_UPI48777.1
UPI48779.1	Uukuvirus	56763	Uukuvirus_UPI48779.1
UPI48780.1	Uukuvirus	6587	Uukuvirus_UPI48780.1
UPI48781.1	Uukuvirus	234	Uukuvirus_UPI48781.1
UPI48782.1	Uukuvirus	9	Uukuvirus_UPI48782.1
UPI48783.1	Uukuvirus	1771	Uukuvirus_UPI48783.1
UPI48784.1	Uukuvirus	522	Uukuvirus_UPI48784.1
UPI48785.1	Uukuvirus	56763	Uukuvirus_UPI48785.1
UPI48786.1	Uukuvirus	2346	Uukuvirus_UPI48786.1
UPI48787.1	Uukuvirus	654	Uukuvirus_UPI48787.1
UPI48788.1	Uukuvirus	56763	Uukuvirus_UPI48788.1
UPI48789.1	Uukuvirus	1771	Uukuvirus_UPI48789.1
UPI48791.1	Uukuvirus	9855	Uukuvirus_UPI48791.1
UPI48792.1	Uukuvirus	56763	Uukuvirus_UPI48792.1
UPI48793.1	Uukuvirus	234	Uukuvirus_UPI48793.1
USL85427.1	Uukuvirus	56763	Uukuvirus_USL85427.1
UUT42638.1	Uukuvirus	45437	Uukuvirus_UUT42638.1
UUT42640.1	Uukuvirus	522	Uukuvirus_UUT42640.1
UZU83891.1	Uukuvirus	2346	Uukuvirus_UZU83891.1
WAK75618.1	Uukuvirus	9855	Uukuvirus_WAK75618.1
WAK75643.1	Uukuvirus	9	Uukuvirus_WAK75643.1
WAK75644.1	Uukuvirus	234	Uukuvirus_WAK75644.1
WAK75646.1	Uukuvirus	2346	Uukuvirus_WAK75646.1
WAK75654.1	Uukuvirus	2346	Uukuvirus_WAK75654.1
WAK75655.1	Uukuvirus	56763	Uukuvirus_WAK75655.1
WAK75657.1	Uukuvirus	45437	Uukuvirus_WAK75657.1
WAK75663.1	Uukuvirus	2346	Uukuvirus_WAK75663.1
WAK75664.1	Uukuvirus	1771	Uukuvirus_WAK75664.1
WAK75665.1	Uukuvirus	9	Uukuvirus_WAK75665.1
WAK75667.1	Uukuvirus	6587	Uukuvirus_WAK75667.1
WAK75668.1	Uukuvirus	56763	Uukuvirus_WAK75668.1
WAK75669.1	Uukuvirus	9855	Uukuvirus_WAK75669.1
WAK75670.1	Uukuvirus	56763	Uukuvirus_WAK75670.1
WAK75671.1	Uukuvirus	1771	Uukuvirus_WAK75671.1
WAK75672.1	Uukuvirus	522	Uukuvirus_WAK75672.1
WAK75673.1	Uukuvirus	9	Uukuvirus_WAK75673.1
WAK75674.1	Uukuvirus	9	Uukuvirus_WAK75674.1
WAK75675.1	Uukuvirus	45437	Uukuvirus_WAK75675.1
WAK75676.1	Uukuvirus	9855	Uukuvirus_WAK75676.1
WAK75685.1	Uukuvirus	654	Uukuvirus_WAK75685.1
WAK75686.1	Uukuvirus	2346	Uukuvirus_WAK75686.1
WAK75687.1	Uukuvirus	1771	Uukuvirus_WAK75687.1
WAK75688.1	Uukuvirus	234	Uukuvirus_WAK75688.1
WAK75689.1	Uukuvirus	9	Uukuvirus_WAK75689.1
WAK75690.1	Uukuvirus	45437	Uukuvirus_WAK75690.1
WAK75691.1	Uukuvirus	522	Uukuvirus_WAK75691.1
WAK75692.1	Uukuvirus	9	Uukuvirus_WAK75692.1
WAK75693.1	Uukuvirus	45437	Uukuvirus_WAK75693.1
WAK75694.1	Uukuvirus	9855	Uukuvirus_WAK75694.1
WAK75695.1	Uukuvirus	6587	Uukuvirus_WAK75695.1
WAK75696.1	Uukuvirus	2346	Uukuvirus_WAK75696.1
WAK75714.1	Uukuvirus	45437	Uukuvirus_WAK75714.1
WAK75739.1	Uukuvirus	45437	Uukuvirus_WAK75739.1
WAK75740.1	Uukuvirus	45437	Uukuvirus_WAK75740.1
WAK75741.1	Uukuvirus	9855	Uukuvirus_WAK75741.1
WAK75742.1	Uukuvirus	522	Uukuvirus_WAK75742.1
WAK75743.1	Uukuvirus	654	Uukuvirus_WAK75743.1
WAK75744.1	Uukuvirus	56763	Uukuvirus_WAK75744.1
WAK75745.1	Uukuvirus	56763	Uukuvirus_WAK75745.1
WAK75746.1	Uukuvirus	56763	Uukuvirus_WAK75746.1
WAK75748.1	Uukuvirus	56763	Uukuvirus_WAK75748.1
WAK75749.1	Uukuvirus	45437	Uukuvirus_WAK75749.1
WAK75750.1	Uukuvirus	56763	Uukuvirus_WAK75750.1
WAK75751.1	Uukuvirus	654	Uukuvirus_WAK75751.1
WAK75752.1	Uukuvirus	234	Uukuvirus_WAK75752.1
WAK75754.1	Uukuvirus	234	Uukuvirus_WAK75754.1
WAK75758.1	Uukuvirus	56763	Uukuvirus_WAK75758.1
WAK75759.1	Uukuvirus	6587	Uukuvirus_WAK75759.1
WAK75764.1	Uukuvirus	6587	Uukuvirus_WAK75764.1
WAK75765.1	Uukuvirus	9855	Uukuvirus_WAK75765.1
WAK75766.1	Uukuvirus	45437	Uukuvirus_WAK75766.1
WAK75767.1	Uukuvirus	45437	Uukuvirus_WAK75767.1
WAK75768.1	Uukuvirus	234	Uukuvirus_WAK75768.1
WAK75769.1	Uukuvirus	9855	Uukuvirus_WAK75769.1
WAK75770.1	Uukuvirus	1771	Uukuvirus_WAK75770.1
WAK75771.1	Uukuvirus	6587	Uukuvirus_WAK75771.1
WAK75772.1	Uukuvirus	234	Uukuvirus_WAK75772.1
WAK75773.1	Uukuvirus	45437	Uukuvirus_WAK75773.1
WAK75774.1	Uukuvirus	654	Uukuvirus_WAK75774.1
WAK75775.1	Uukuvirus	2346	Uukuvirus_WAK75775.1
WAK75776.1	Uukuvirus	522	Uukuvirus_WAK75776.1
WAK75791.1	Uukuvirus	654	Uukuvirus_WAK75791.1
WAK75792.1	Uukuvirus	1771	Uukuvirus_WAK75792.1
WAK75793.1	Uukuvirus	45437	Uukuvirus_WAK75793.1
WAK75797.1	Uukuvirus	45437	Uukuvirus_WAK75797.1
WAK75798.1	Uukuvirus	9855	Uukuvirus_WAK75798.1
WAK75799.1	Uukuvirus	1771	Uukuvirus_WAK75799.1
WAK75800.1	Uukuvirus	234	Uukuvirus_WAK75800.1
WAK75801.1	Uukuvirus	1771	Uukuvirus_WAK75801.1
WAK75802.1	Uukuvirus	9855	Uukuvirus_WAK75802.1
WAK75803.1	Uukuvirus	654	Uukuvirus_WAK75803.1
WAK75804.1	Uukuvirus	45437	Uukuvirus_WAK75804.1
WAK75805.1	Uukuvirus	9855	Uukuvirus_WAK75805.1
WAK75806.1	Uukuvirus	234	Uukuvirus_WAK75806.1
WAK75809.1	Uukuvirus	1771	Uukuvirus_WAK75809.1
WAK75810.1	Uukuvirus	2346	Uukuvirus_WAK75810.1
WAK75811.1	Uukuvirus	2346	Uukuvirus_WAK75811.1
WAK75812.1	Uukuvirus	9	Uukuvirus_WAK75812.1
WAK75813.1	Uukuvirus	654	Uukuvirus_WAK75813.1
WAK75814.1	Uukuvirus	1771	Uukuvirus_WAK75814.1
WAK75816.1	Uukuvirus	9	Uukuvirus_WAK75816.1
WAK75817.1	Uukuvirus	1771	Uukuvirus_WAK75817.1
WAK75818.1	Uukuvirus	56763	Uukuvirus_WAK75818.1
WAK75819.1	Uukuvirus	2346	Uukuvirus_WAK75819.1
WAK75820.1	Uukuvirus	56763	Uukuvirus_WAK75820.1
WAK75821.1	Uukuvirus	2346	Uukuvirus_WAK75821.1
WAK75822.1	Uukuvirus	522	Uukuvirus_WAK75822.1
WAK75823.1	Uukuvirus	654	Uukuvirus_WAK75823.1
WAK75824.1	Uukuvirus	2346	Uukuvirus_WAK75824.1
WAK75825.1	Uukuvirus	234	Uukuvirus_WAK75825.1
WAK76693.1	Uukuvirus	522	Uukuvirus_WAK76693.1
WAK76694.1	Uukuvirus	234	Uukuvirus_WAK76694.1
WAK76695.1	Uukuvirus	2346	Uukuvirus_WAK76695.1
WAK76696.1	Uukuvirus	9	Uukuvirus_WAK76696.1
WAK76697.1	Uukuvirus	2346	Uukuvirus_WAK76697.1
WAK76698.1	Uukuvirus	9	Uukuvirus_WAK76698.1
WAK76699.1	Uukuvirus	9	Uukuvirus_WAK76699.1
WAK76700.1	Uukuvirus	6587	Uukuvirus_WAK76700.1
WAK76701.1	Uukuvirus	654	Uukuvirus_WAK76701.1
WAK76703.1	Uukuvirus	9855	Uukuvirus_WAK76703.1
WAK76704.1	Uukuvirus	234	Uukuvirus_WAK76704.1
WAK76705.1	Uukuvirus	1771	Uukuvirus_WAK76705.1
WAK76706.1	Uukuvirus	2346	Uukuvirus_WAK76706.1
WAK76707.1	Uukuvirus	6587	Uukuvirus_WAK76707.1
WAK76708.1	Uukuvirus	2346	Uukuvirus_WAK76708.1
WAK76709.1	Uukuvirus	9855	Uukuvirus_WAK76709.1
WAK76714.1	Uukuvirus	45437	Uukuvirus_WAK76714.1
WAK76715.1	Uukuvirus	234	Uukuvirus_WAK76715.1
WAK76719.1	Uukuvirus	1771	Uukuvirus_WAK76719.1
WAK76720.1	Uukuvirus	6587	Uukuvirus_WAK76720.1
WAK76721.1	Uukuvirus	2346	Uukuvirus_WAK76721.1
WAK76760.1	Uukuvirus	654	Uukuvirus_WAK76760.1
WAK76761.1	Uukuvirus	2346	Uukuvirus_WAK76761.1
WAK76762.1	Uukuvirus	9	Uukuvirus_WAK76762.1
WAK76763.1	Uukuvirus	9855	Uukuvirus_WAK76763.1
WAK76764.1	Uukuvirus	9	Uukuvirus_WAK76764.1
WAK76765.1	Uukuvirus	6587	Uukuvirus_WAK76765.1
WAK76766.1	Uukuvirus	1771	Uukuvirus_WAK76766.1
WAK76767.1	Uukuvirus	9	Uukuvirus_WAK76767.1
WAK76768.1	Uukuvirus	9855	Uukuvirus_WAK76768.1
WAK76769.1	Uukuvirus	56763	Uukuvirus_WAK76769.1
WAK76770.1	Uukuvirus	56763	Uukuvirus_WAK76770.1
WAK76771.1	Uukuvirus	522	Uukuvirus_WAK76771.1
WAK76772.1	Uukuvirus	1771	Uukuvirus_WAK76772.1
WAK76773.1	Uukuvirus	2346	Uukuvirus_WAK76773.1
WAK76779.1	Uukuvirus	522	Uukuvirus_WAK76779.1
WAQ68340.1	Uukuvirus	9855	Uukuvirus_WAQ68340.1
YP_009449450.1	Uukuvirus	9855	Uukuvirus_YP_009449450.1
YP_009551639.1	Uukuvirus	522	Uukuvirus_YP_009551639.1
YP_010086109.1	Uukuvirus	9855	Uukuvirus_YP_010086109.1
YP_010086115.1	Uukuvirus	9855	Uukuvirus_YP_010086115.1
YP_010086135.1	Uukuvirus	9	Uukuvirus_YP_010086135.1
YP_010086139.1	Uukuvirus	9855	Uukuvirus_YP_010086139.1
YP_010086155.1	Uukuvirus	522	Uukuvirus_YP_010086155.1
YP_010086157.1	Uukuvirus	654	Uukuvirus_YP_010086157.1
YP_010086227.1	Uukuvirus	234	Uukuvirus_YP_010086227.1
YP_010086229.1	Uukuvirus	1771	Uukuvirus_YP_010086229.1
YP_010086231.1	Uukuvirus	45437	Uukuvirus_YP_010086231.1
QPN53433.1	Wenrivirus	2346	Wenrivirus_QPN53433.1
YP_009304989.1	Wenrivirus	2346	Wenrivirus_YP_009304989.1
